Workbook
Name 개인별실기남: '개인실기(남)'!$B$4:$CQ$66
Name 개인별실기남자: '개인실기(남)'!$B$4:$CQ$66
Name 개인별실기여자: '개인실기(여)'!$B$4:$CS$65
Name 고려대: 배점표!$B$70:$I$70
Name 내신성적: #REF!
Name 내신성적여: #REF!
Name 농구남: 배점표!#REF!
Name 농구여: 배점표!#REF!
Name 높뛰남: 배점표!#REF!
Name 높뛰여: 배점표!#REF!
Name 변환점수: #REF!
Name 변환점수: #REF!
Name 수능성적: #REF!
Name 수능성적: #REF!
Name 수능성적: #REF!
Name 수능성적: #REF!
Name 수능성적: #REF!
Name 수능성적목록: #REF!
Name 체조남: 배점표!#REF!
Name 체조여: 배점표!#REF!
Name 체조여: 배점표!#REF!
Name 체조여: 배점표!#REF!

Sheet 사용설명서
B1: 본 자료는 학교체육진흥회 체육인재 상담교사들의 체육대학 진학 상담을 지원하고자 제작하였습니다. 공교육 내에서만 활용하시고 인터넷(밴드, 홈페이지, 게시판 등)을 통한 게시 및 배포는 지양해 주시기 바랍니다. 자료 활용 시 출처를 명시해 주시고 사교육 기관으로의 유출이 발생하지 않도록 각별히 유의해 주시기 바랍니다.
B3: 각 시트에 들어가는 학생이름은 반드시 동일하게 입력되어야 사용 가능합니다. 대학별점수 산출에서 오류를 발견하시면 만든이에게 연락(경기교육통합메신저, 카카오톡)주시기 바랍니다. - 만든이 - 황규훈 : 성남서중학교, 카톡 아이디(hoon0486) 노동기 : 상현고등학교, 카톡 아이디(crazy419)
A5: 첫번째 | B5: 내신(남)/(여) 시트에 상담학생 이름과 내신성적을 입력합니다.[반드시 성별을 구분하여 입력하여야 합니다.]
B6: 내신성적은 유니브 산출점수를 활용하시기 바랍니다.
A36: 두번째 | B36: 개인실기(남)/(여) 시트에서 상담학생 이름과 실기 기록을 입력합니다.[반드시 성별을 구분하여 입력하여야 합니다.]
A66: 세번째 | B66: 학생상담(남)/(여) 시트 상담학생칸 이름 콤보박스에서 상담 학생을 선택합니다.[상담학생의 성별에 맞는 시트를 클릭합니다.]
A95: 네번째 | B95: 상담학생의 대학별 학생내신(내점수)점수와 합격자평균점수, 실기상위권시 지원점수를 활용하여 상담하세요. 안정점수는 최초합 또는 1차 충원합격이 가능한 정도의 점수를 의미하여 기대점수는 충원합격을 기대해 볼만한 점수를 의미합니다. 실기상위권시 지원점수는 대학별 실기성취도가 만점이거나 이에 준하는 매우 우수한 경우를 의미합니다. 일부 비수도권 지역 대학에서는 경쟁률에 의한 입결의 상승과 하락이 다소 크게 나타날 수 있습니다. 이런한 부분까지의 예측은 어려운 점 참고하시기 바랍니다.

Sheet 학생상담(남)
C2: 상담학생 | E2: 황규훈
A4: 지역 | B4: 대학명 | C4: 내점수 | D4: 합격 평균점수 | E4: 실기상위권 지원점수 | F4: 내신환산점 과부족 | G4: 내실기점수 | H4: 내총점수 | I4: 안정점수 | J4: 기대점수 | K4: 2026 모집정원 | L4: 2025 모집정원 | M4: 2024 모집정원 | N4: 2023 모집정원 | O4: 2025 충원합격 | P4: 2024 충원합격 | Q4: 2023 충원합격 | R4: 2022 충원합격 | S4: 2025 경쟁률 | T4: 2024 경쟁률 | U4: 참고사항
A5: ='상담(남)'!A5 -> 경기 | B5: ='상담(남)'!B5 -> 가천대 체육 | C5: ='상담(남)'!C5 -> 300 | D5: ='상담(남)'!D5 -> 294 | E5: 272 | F5: =C5-D5 -> 6 | G5: ='상담(남)'!G5 -> 700 | H5: ='상담(남)'!H5 -> 1000 | I5: ='상담(남)'!I5 -> 984 | J5: ='상담(남)'!J5 -> 973 | K5: ='상담(남)'!K5 -> 40 | L5: ='상담(남)'!L5 -> 40 | M5: ='상담(남)'!M5 -> 30 | N5: ='상담(남)'!N5 -> 20 | ... U5: ='상담(남)'!U5 -> .
A6: ='상담(남)'!A6 -> 강원 | B6: ='상담(남)'!B6 -> 가톨릭관동대 체육교육 | C6: ='상담(남)'!C6 -> 700 | D6: ='상담(남)'!D6 -> 661 | E6: ='상담(남)'!E6 -> 621 | F6: =C6-D6 -> 39 | G6: ='상담(남)'!G6 -> 300 | H6: ='상담(남)'!H6 -> 1000 | I6: ='상담(남)'!I6 -> 945 | J6: ='상담(남)'!J6 -> 921 | K6: ='상담(남)'!K6 -> 20 | L6: ='상담(남)'!L6 -> 20 | M6: ='상담(남)'!M6 -> 20 | N6: ='상담(남)'!N6 -> 20 | ... U6: ='상담(남)'!U6 -> 내신8과목에서 12과목 반영
A7: ='상담(남)'!A7 -> 강원 | B7: ='상담(남)'!B7 -> 가톨릭관동대 스포츠레저 | C7: ='상담(남)'!C7 -> 600 | D7: ='상담(남)'!D7 -> 485 | E7: ='상담(남)'!E7 -> 414 | F7: =C7-D7 -> 115 | G7: ='상담(남)'!G7 -> 400 | H7: ='상담(남)'!H7 -> 1000 | I7: ='상담(남)'!I7 -> 835 | J7: ='상담(남)'!J7 -> 814 | K7: ='상담(남)'!K7 -> 41 | L7: ='상담(남)'!L7 -> 40 | M7: ='상담(남)'!M7 -> 40 | N7: ='상담(남)'!N7 -> 96 | ... U7: ='상담(남)'!U7 -> 내신8과목에서 12과목 반영
A8: ='상담(남)'!A8 -> 강원 | B8: ='상담(남)'!B8 -> 가톨릭관동대 스포츠재활의학 | C8: ='상담(남)'!C8 -> 600 | D8: ='상담(남)'!D8 -> 500 | E8: ='상담(남)'!E8 -> 455 | F8: =C8-D8 -> 100 | G8: ='상담(남)'!G8 -> 400 | H8: ='상담(남)'!H8 -> 1000 | I8: ='상담(남)'!I8 -> 878 | J8: ='상담(남)'!J8 -> 855 | K8: ='상담(남)'!K8 -> 40 | L8: ='상담(남)'!L8 -> 40 | M8: ='상담(남)'!M8 -> 31 | N8: ='상담(남)'!N8 -> 0 | ... U8: ='상담(남)'!U8 -> 실기만점기준 상향 조정
A9: ='상담(남)'!A9 -> 경기 | B9: ='상담(남)'!B9 -> 강남대 체육 | C9: ='상담(남)'!C9 -> 300 | D9: ='상담(남)'!D9 -> 291 | E9: 248 | F9: =C9-D9 -> 9 | G9: ='상담(남)'!G9 -> 676 | H9: ='상담(남)'!H9 -> 976 | I9: ='상담(남)'!I9 -> 979 | J9: 948 | K9: ='상담(남)'!K9 -> 29 | L9: ='상담(남)'!L9 -> 29 | M9: ='상담(남)'!M9 -> 29 | N9: ='상담(남)'!N9 -> 29 | O9: ='상담(남)'!O9 -> 36 | P9: ='상담(남)'!P9 -> 38 | Q9: ='상담(남)'!Q9 -> 38 | R9: ='상담(남)'!R9 -> 19 | ... U9: ='상담(남)'!U9 -> 내신반영변경,실기급간점수 변경
A10: ='상담(남)'!A10 -> 충북 | B10: ='상담(남)'!B10 -> 건국대(글) 스포츠건강 | C10: ='상담(남)'!C10 -> 200 | D10: ='상담(남)'!D10 -> 165 | E10: ='상담(남)'!E10 -> 121 | F10: =C10-D10 -> 35 | G10: ='상담(남)'!G10 -> 520 | H10: ='상담(남)'!H10 -> 720 | I10: ='상담(남)'!I10 -> 951 | J10: ='상담(남)'!J10 -> 921 | K10: ='상담(남)'!K10 -> 20 | L10: ='상담(남)'!L10 -> 20 | M10: ='상담(남)'!M10 -> 22 | N10: ='상담(남)'!N10 -> 18 | ... U10: ='상담(남)'!U10 -> 여자제멀, 남녀 농구 만점상향 조정
A11: ='상담(남)'!A11 -> 경기 | B11: ='상담(남)'!B11 -> 경기대 스포츠과학 | C11: ='상담(남)'!C11 -> 39 | D11: ='상담(남)'!D11 -> 29.49 | E11: ='상담(남)'!E11 -> 29.17 | F11: =C11-D11 -> 9.51 | G11: ='상담(남)'!G11 -> 70 | H11: ='상담(남)'!H11 -> 109 | I11: ='상담(남)'!I11 -> 99.3 | J11: ='상담(남)'!J11 -> 99.17 | K11: ='상담(남)'!K11 -> 19 | L11: ='상담(남)'!L11 -> 10 | M11: ='상담(남)'!M11 -> 10 | N11: ='상담(남)'!N11 -> 10 | ... U11: ='상담(남)'!U11 -> 만점기준 강화 실기반영(10%) 증가
A12: ='상담(남)'!A12 -> 경기 | B12: ='상담(남)'!B12 -> 경기대 체육 | C12: ='상담(남)'!C12 -> 39 | D12: ='상담(남)'!D12 -> 0 | E12: ='상담(남)'!E12 -> 0 | F12: =C12-D12 -> 39 | G12: ='상담(남)'!G12 -> 60 | H12: ='상담(남)'!H12 -> 99 | I12: ='상담(남)'!I12 -> 0 | J12: ='상담(남)'!J12 -> 0 | K12: ='상담(남)'!K12 -> 미선발 | L12: ='상담(남)'!L12 -> 0 | M12: ='상담(남)'!M12 -> 5 | N12: ='상담(남)'!N12 -> 5 | ... U12: ='상담(남)'!U12 -> 수시 폐지 2027 모집정원 전원 수시선발
A13: ='상담(남)'!A13 -> 충북 | B13: ='상담(남)'!B13 -> 극동대 스포츠재활 | C13: ='상담(남)'!C13 -> 200 | D13: ='상담(남)'!D13 -> 160 | E13: ='상담(남)'!E13 -> 116 | F13: =C13-D13 -> 40 | G13: ='상담(남)'!G13 -> 800 | H13: ='상담(남)'!H13 -> 1000 | I13: ='상담(남)'!I13 -> 920 | J13: ='상담(남)'!J13 -> 889.33 | K13: ='상담(남)'!K13 -> 29 | L13: ='상담(남)'!L13 -> 16 | M13: ='상담(남)'!M13 -> 26 | N13: ='상담(남)'!N13 -> 30 | ... U13: ='상담(남)'!U13 -> 실기 4종목 중 3종목 반영/ 경쟁률에 따른 컷라인 예측 불가
A14: ='상담(남)'!A14 -> 충남 | B14: ='상담(남)'!B14 -> 나사렛대 재활스포츠 | C14: ='상담(남)'!C14 -> 100 | D14: ='상담(남)'!D14 -> 85 | E14: ='상담(남)'!E14 -> 72 | F14: =C14-D14 -> 15 | G14: ='상담(남)'!G14 -> 900 | H14: ='상담(남)'!H14 -> 1000 | I14: ='상담(남)'!I14 -> 965 | J14: ='상담(남)'!J14 -> 923 | K14: ='상담(남)'!K14 -> 55 | L14: ='상담(남)'!L14 -> 30 | M14: ='상담(남)'!M14 -> 30 | N14: ='상담(남)'!N14 -> 30 | ... U14: ='상담(남)'!U14 -> 모집정원 대폭증가 컷라인 내려가라~
A15: ='상담(남)'!A15 -> 충남 | B15: ='상담(남)'!B15 -> 남서울대 스포츠건강관리 | C15: ='상담(남)'!C15 -> 258 | D15: ='상담(남)'!D15 -> 210 | E15: ='상담(남)'!E15 -> 154 | F15: =C15-D15 -> 48 | G15: ='상담(남)'!G15 -> 700 | H15: ='상담(남)'!H15 -> 958 | I15: ='상담(남)'!I15 -> 851 | J15: ='상담(남)'!J15 -> 805 | K15: ='상담(남)'!K15 -> 42 | L15: ='상담(남)'!L15 -> 41 | M15: ='상담(남)'!M15 -> 36 | N15: ='상담(남)'!N15 -> 38 | ... U15: ='상담(남)'!U15 -> 좌전굴 폐지 매던 신설
A16: ='상담(남)'!A16 -> 충남 | B16: ='상담(남)'!B16 -> 남서울대 스포츠비즈니스 | C16: ='상담(남)'!C16 -> 249 | D16: ='상담(남)'!D16 -> 210 | E16: ='상담(남)'!E16 -> 136 | F16: =C16-D16 -> 39 | G16: ='상담(남)'!G16 -> 700 | H16: ='상담(남)'!H16 -> 949 | I16: ='상담(남)'!I16 -> 840 | J16: ='상담(남)'!J16 -> 784 | K16: ='상담(남)'!K16 -> 42 | L16: ='상담(남)'!L16 -> 40 | M16: ='상담(남)'!M16 -> 35 | N16: ='상담(남)'!N16 -> 38 | ... U16: ='상담(남)'!U16 -> 3종목 모두 반영으로 총점 하향???
A17: ='상담(남)'!A17 -> 경기 | B17: ='상담(남)'!B17 -> 단국대 체육교육 | C17: ='상담(남)'!C17 -> 198 | D17: ='상담(남)'!D17 -> 686 | E17: ='상담(남)'!E17 -> 668 | F17: =C17-D17 -> -488 | G17: ='상담(남)'!G17 -> 270 | H17: ='상담(남)'!H17 -> 468 | I17: ='상담(남)'!I17 -> 982 | J17: ='상담(남)'!J17 -> 968 | K17: ='상담(남)'!K17 -> 10 | L17: ='상담(남)'!L17 -> 10 | M17: ='상담(남)'!M17 -> 0 | N17: ='상담(남)'!N17 -> 0 | ... T17: ='상담(남)'!T17 -> 0
A18: ='상담(남)'!A18 -> 충남 | B18: ='상담(남)'!B18 -> 단국대 생활체육 | C18: ='상담(남)'!C18 -> 198 | D18: ='상담(남)'!D18 -> 190 | E18: ='상담(남)'!E18 -> 180 | F18: =C18-D18 -> 8 | G18: ='상담(남)'!G18 -> 800 | H18: ='상담(남)'!H18 -> 998 | I18: ='상담(남)'!I18 -> 990 | J18: ='상담(남)'!J18 -> 980 | K18: ='상담(남)'!K18 -> 14 | L18: ='상담(남)'!L18 -> 14 | M18: ='상담(남)'!M18 -> 15 | N18: ='상담(남)'!N18 -> 15 | ... U18: ='상담(남)'!U18 -> .
A19: ='상담(남)'!A19 -> 충남 | B19: ='상담(남)'!B19 -> 단국대 운동처방재활 | C19: ='상담(남)'!C19 -> 198 | D19: ='상담(남)'!D19 -> 194.8 | E19: ='상담(남)'!E19 -> 192.2 | F19: =C19-D19 -> 3.2 | G19: ='상담(남)'!G19 -> 800 | H19: ='상담(남)'!H19 -> 998 | I19: ='상담(남)'!I19 -> 0 | J19: ='상담(남)'!J19 -> 0 | K19: ='상담(남)'!K19 -> 미선발 | L19: ='상담(남)'!L19 -> 5 | M19: ='상담(남)'!M19 -> 5 | N19: ='상담(남)'!N19 -> 6 | ... U19: ='상담(남)'!U19 -> 실기전형 미선발/교과전형 선발
A20: ='상담(남)'!A20 -> 대전 | B20: ='상담(남)'!B20 -> 대전대 스포츠건강재활 | C20: ='상담(남)'!C20 -> 400 | D20: ='상담(남)'!D20 -> 352 | E20: ='상담(남)'!E20 -> 330 | F20: =C20-D20 -> 48 | G20: ='상담(남)'!G20 -> 585 | H20: ='상담(남)'!H20 -> 985 | I20: ='상담(남)'!I20 -> 942 | J20: ='상담(남)'!J20 -> 930 | K20: ='상담(남)'!K20 -> 27 | L20: ='상담(남)'!L20 -> 25 | M20: ='상담(남)'!M20 -> 25 | N20: ='상담(남)'!N20 -> 25 | ... U20: ='상담(남)'!U20 -> .
A21: ='상담(남)'!A21 -> 대전 | B21: ='상담(남)'!B21 -> 대전대 스포츠운동과학 | C21: ='상담(남)'!C21 -> 400 | D21: ='상담(남)'!D21 -> 348 | E21: ='상담(남)'!E21 -> 320 | F21: =C21-D21 -> 52 | G21: ='상담(남)'!G21 -> 585 | H21: ='상담(남)'!H21 -> 985 | I21: ='상담(남)'!I21 -> 938 | J21: ='상담(남)'!J21 -> 920 | K21: ='상담(남)'!K21 -> 32 | L21: ='상담(남)'!L21 -> 32 | M21: ='상담(남)'!M21 -> 23 | N21: ='상담(남)'!N21 -> 20 | ... U21: ='상담(남)'!U21 -> .
A22: ='상담(남)'!A22 -> 경기 | B22: ='상담(남)'!B22 -> 대진대 스포츠겅강과학 | C22: ='상담(남)'!C22 -> 200 | D22: ='상담(남)'!D22 -> 184 | E22: ='상담(남)'!E22 -> 179.3 | F22: =C22-D22 -> 16 | G22: ='상담(남)'!G22 -> 800 | H22: ='상담(남)'!H22 -> 1000 | I22: ='상담(남)'!I22 -> 984 | J22: ='상담(남)'!J22 -> 979.3 | K22: ='상담(남)'!K22 -> 25 | L22: ='상담(남)'!L22 -> 25 | M22: ='상담(남)'!M22 -> 25 | N22: ='상담(남)'!N22 -> 22 | ... U22: ='상담(남)'!U22 -> 진로선택3과목 반영에서 5과목 반영
A23: ='상담(남)'!A23 -> 서울 | B23: ='상담(남)'!B23 -> 동국대 체육교육 | C23: ='상담(남)'!C23 -> 300 | D23: ='상담(남)'!D23 -> 298.4 | E23: ='상담(남)'!E23 -> 294.3 | F23: =C23-D23 -> 1.6 | G23: ='상담(남)'!G23 -> 700 | H23: ='상담(남)'!H23 -> 1000 | I23: ='상담(남)'!I23 -> 996.5 | J23: ='상담(남)'!J23 -> 994.3 | K23: ='상담(남)'!K23 -> 22 | L23: ='상담(남)'!L23 -> 23 | M23: ='상담(남)'!M23 -> 23 | N23: ='상담(남)'!N23 -> 23 | ... U23: ='상담(남)'!U23 -> 실기기본점수 50점
A24: ='상담(남)'!A24 -> 대전 | B24: ='상담(남)'!B24 -> 목원대 스포츠건강관리 | C24: ='상담(남)'!C24 -> 92 | D24: ='상담(남)'!D24 -> 86 | E24: ='상담(남)'!E24 -> 50 | F24: =C24-D24 -> 6 | G24: ='상담(남)'!G24 -> 900 | H24: ='상담(남)'!H24 -> 992 | I24: ='상담(남)'!I24 -> 918 | J24: ='상담(남)'!J24 -> 888 | K24: ='상담(남)'!K24 -> 30 | L24: ='상담(남)'!L24 -> 33 | M24: ='상담(남)'!M24 -> 33 | N24: ='상담(남)'!N24 -> 54 | ... U24: ='상담(남)'!U24 -> .
A25: ='상담(남)'!A25 -> 충남 | B25: ='상담(남)'!B25 -> 백석대 특수체육교육 | C25: ='상담(남)'!C25 -> 400 | D25: ='상담(남)'!D25 -> 552 | E25: ='상담(남)'!E25 -> 516 | F25: =C25-D25 -> -152 | G25: ='상담(남)'!G25 -> 400 | H25: ='상담(남)'!H25 -> 800 | I25: ='상담(남)'!I25 -> 930.67 | J25: ='상담(남)'!J25 -> 916 | K25: ='상담(남)'!K25 -> 27 | L25: ='상담(남)'!L25 -> 27 | M25: ='상담(남)'!M25 -> 27 | N25: ='상담(남)'!N25 -> 26 | ... U25: ='상담(남)'!U25 -> .
A26: ='상담(남)'!A26 -> 충남 | B26: ='상담(남)'!B26 -> 백석대 스포츠과학 | C26: ='상담(남)'!C26 -> 600 | D26: ='상담(남)'!D26 -> 349 | E26: ='상담(남)'!E26 -> 323 | F26: =C26-D26 -> 251 | G26: ='상담(남)'!G26 -> 600 | H26: ='상담(남)'!H26 -> 1200 | I26: ='상담(남)'!I26 -> 941 | J26: ='상담(남)'!J26 -> 923 | K26: ='상담(남)'!K26 -> 73 | L26: ='상담(남)'!L26 -> 73 | M26: ='상담(남)'!M26 -> 75 | N26: ='상담(남)'!N26 -> 46 | ... U26: ='상담(남)'!U26 -> .
A27: ='상담(남)'!A27 -> 서울 | B27: ='상담(남)'!B27 -> 삼육대 체육 | C27: ='상담(남)'!C27 -> 400 | D27: ='상담(남)'!D27 -> 392 | E27: ='상담(남)'!E27 -> 386 | F27: =C27-D27 -> 8 | G27: ='상담(남)'!G27 -> 600 | H27: ='상담(남)'!H27 -> 1000 | I27: ='상담(남)'!I27 -> 990 | J27: ='상담(남)'!J27 -> 986 | K27: ='상담(남)'!K27 -> 12 | L27: ='상담(남)'!L27 -> 10 | M27: ='상담(남)'!M27 -> 11 | N27: ='상담(남)'!N27 -> 9 | ... U27: ='상담(남)'!U27 -> 진로선택3과목 반영에서 이수전과목 반영
A28: ='상담(남)'!A28 -> 서울 | B28: ='상담(남)'!B28 -> 상명대 스포츠건강 | C28: ='상담(남)'!C28 -> 300 | D28: ='상담(남)'!D28 -> 282 | E28: ='상담(남)'!E28 -> 235 | F28: =C28-D28 -> 18 | G28: ='상담(남)'!G28 -> 675.5 | H28: ='상담(남)'!H28 -> 975.5 | I28: ='상담(남)'!I28 -> 961 | J28: ='상담(남)'!J28 -> 935 | K28: ='상담(남)'!K28 -> 12 | L28: ='상담(남)'!L28 -> 12 | M28: ='상담(남)'!M28 -> 0 | N28: ='상담(남)'!N28 -> 0 | ... T28: ='상담(남)'!T28 -> 0
A29: ='상담(남)'!A29 -> 충남 | B29: ='상담(남)'!B29 -> 상명대(천안) 스포츠융합 | C29: ='상담(남)'!C29 -> 400 | D29: ='상담(남)'!D29 -> 357 | E29: ='상담(남)'!E29 -> 288 | F29: =C29-D29 -> 43 | G29: ='상담(남)'!G29 -> 590 | H29: ='상담(남)'!H29 -> 990 | I29: ='상담(남)'!I29 -> 910 | J29: ='상담(남)'!J29 -> 888 | K29: ='상담(남)'!K29 -> 38 | L29: ='상담(남)'!L29 -> 38 | M29: ='상담(남)'!M29 -> 38 | N29: ='상담(남)'!N29 -> 43 | ... U29: ='상담(남)'!U29 -> .
A30: ='상담(남)'!A30 -> 강원 | B30: ='상담(남)'!B30 -> 상지대 체육 | C30: ='상담(남)'!C30 -> 300 | D30: ='상담(남)'!D30 -> 233 | E30: ='상담(남)'!E30 -> 197 | F30: =C30-D30 -> 67 | G30: ='상담(남)'!G30 -> 700 | H30: ='상담(남)'!H30 -> 1000 | I30: ='상담(남)'!I30 -> 920 | J30: ='상담(남)'!J30 -> 897 | K30: ='상담(남)'!K30 -> 40 | L30: ='상담(남)'!L30 -> 40 | M30: ='상담(남)'!M30 -> 55 | N30: ='상담(남)'!N30 -> 60 | ... U30: ='상담(남)'!U30 -> .
A31: ='상담(남)'!A31 -> 서울 | B31: ='상담(남)'!B31 -> 서경대 스포츠&테크놀러지 | C31: ='상담(남)'!C31 -> 250 | D31: ='상담(남)'!D31 -> 294 | E31: ='상담(남)'!E31 -> 281 | F31: =C31-D31 -> -44 | G31: ='상담(남)'!G31 -> 400 | H31: ='상담(남)'!H31 -> 650 | I31: ='상담(남)'!I31 -> 687.33 | J31: ='상담(남)'!J31 -> 680.67 | K31: ='상담(남)'!K31 -> 30 | L31: ='상담(남)'!L31 -> 30 | M31: ='상담(남)'!M31 -> 0 | N31: ='상담(남)'!N31 -> 0 | ... T31: ='상담(남)'!T31 -> 19.90
A32: ='상담(남)'!A32 -> 충남 | B32: ='상담(남)'!B32 -> 서원대 체육교육 | C32: ='상담(남)'!C32 -> 600 | D32: ='상담(남)'!D32 -> 588 | E32: ='상담(남)'!E32 -> 576 | F32: =C32-D32 -> 12 | G32: ='상담(남)'!G32 -> 400 | H32: ='상담(남)'!H32 -> 1000 | I32: ='상담(남)'!I32 -> 981.6 | J32: ='상담(남)'!J32 -> 976 | K32: ='상담(남)'!K32 -> 28 | L32: ='상담(남)'!L32 -> 23 | M32: ='상담(남)'!M32 -> 23 | N32: ='상담(남)'!N32 -> 23 | ... U32: ='상담(남)'!U32 -> 실기기본점수 80점/실기변경/변별력 상승
A33: ='상담(남)'!A33 -> 충남 | B33: ='상담(남)'!B33 -> 서원대 레저스포츠 | C33: ='상담(남)'!C33 -> 200 | D33: ='상담(남)'!D33 -> 190.5 | E33: ='상담(남)'!E33 -> 170 | F33: =C33-D33 -> 9.5 | G33: ='상담(남)'!G33 -> 800 | H33: ='상담(남)'!H33 -> 1000 | I33: ='상담(남)'!I33 -> 978.3 | J33: ='상담(남)'!J33 -> 963.6 | K33: ='상담(남)'!K33 -> 31 | L33: ='상담(남)'!L33 -> 48 | M33: ='상담(남)'!M33 -> 45 | N33: ='상담(남)'!N33 -> 58 | ... U33: ='상담(남)'!U33 -> 실기기본점수 160점/변별력 상승
A34: ='상담(남)'!A34 -> 충남 | B34: ='상담(남)'!B34 -> 서원대 헬스케어운동 | C34: ='상담(남)'!C34 -> 200 | D34: ='상담(남)'!D34 -> 193 | E34: ='상담(남)'!E34 -> 175 | F34: =C34-D34 -> 7 | G34: ='상담(남)'!G34 -> 800 | H34: ='상담(남)'!H34 -> 1000 | I34: ='상담(남)'!I34 -> 986.6 | J34: ='상담(남)'!J34 -> 971.4 | K34: ='상담(남)'!K34 -> 25 | L34: ='상담(남)'!L34 -> 25 | M34: ='상담(남)'!M34 -> 25 | N34: ='상담(남)'!N34 -> 30 | ... U34: ='상담(남)'!U34 -> 실기기본점수 160점/변별력 상승
A35: ='상담(남)'!A35 -> 충남 | B35: ='상담(남)'!B35 -> 선문대 스포츠과학 | C35: ='상담(남)'!C35 -> 200 | D35: ='상담(남)'!D35 -> 120 | E35: ='상담(남)'!E35 -> 40 | F35: =C35-D35 -> 80 | G35: ='상담(남)'!G35 -> 800 | H35: ='상담(남)'!H35 -> 1000 | I35: ='상담(남)'!I35 -> 830 | J35: ='상담(남)'!J35 -> 795 | K35: ='상담(남)'!K35 -> 27 | L35: ='상담(남)'!L35 -> 26 | M35: ='상담(남)'!M35 -> 24 | N35: ='상담(남)'!N35 -> 25 | ... U35: ='상담(남)'!U35 -> .
A36: ='상담(남)'!A36 -> 충남 | B36: ='상담(남)'!B36 -> 선문대 피트니스재활 | C36: ='상담(남)'!C36 -> 180 | D36: ='상담(남)'!D36 -> 120 | E36: ='상담(남)'!E36 -> 40 | F36: =C36-D36 -> 60 | G36: ='상담(남)'!G36 -> 800 | H36: ='상담(남)'!H36 -> 980 | I36: ='상담(남)'!I36 -> 780 | J36: ='상담(남)'!J36 -> 734 | K36: ='상담(남)'!K36 -> 27 | L36: ='상담(남)'!L36 -> 25 | M36: ='상담(남)'!M36 -> 24 | N36: ='상담(남)'!N36 -> 25 | ... U36: ='상담(남)'!U36 -> .
A37: ='상담(남)'!A37 -> 경기 | B37: ='상담(남)'!B37 -> 성결대 체육교육 | C37: ='상담(남)'!C37 -> 400 | D37: ='상담(남)'!D37 -> 395 | E37: ='상담(남)'!E37 -> 385 | F37: =C37-D37 -> 5 | G37: ='상담(남)'!G37 -> 600 | H37: ='상담(남)'!H37 -> 1000 | I37: ='상담(남)'!I37 -> 991 | J37: ='상담(남)'!J37 -> 985 | K37: ='상담(남)'!K37 -> 14 | L37: ='상담(남)'!L37 -> 14 | M37: ='상담(남)'!M37 -> 14 | N37: ='상담(남)'!N37 -> 8 | ... U37: ='상담(남)'!U37 -> 내신반영방법 변경/교과점수 상승
A38: ='상담(남)'!A38 -> 충북 | B38: ='상담(남)'!B38 -> 세명대 생활체육 | C38: ='상담(남)'!C38 -> 200 | D38: ='상담(남)'!D38 -> 120 | E38: ='상담(남)'!E38 -> 40 | F38: =C38-D38 -> 80 | G38: ='상담(남)'!G38 -> 800 | H38: ='상담(남)'!H38 -> 1000 | I38: ='상담(남)'!I38 -> 860 | J38: ='상담(남)'!J38 -> 740 | K38: ='상담(남)'!K38 -> 30 | L38: ='상담(남)'!L38 -> 25 | M38: ='상담(남)'!M38 -> 25 | N38: ='상담(남)'!N38 -> 25 | ... U38: ='상담(남)'!U38 -> 윗몸폐지 농구신설 실기반영비율 증가
A39: ='상담(남)'!A39 -> 경기 | B39: ='상담(남)'!B39 -> 수원대 스포츠과학부 | C39: ='상담(남)'!C39 -> 400 | D39: ='상담(남)'!D39 -> 380 | E39: ='상담(남)'!E39 -> 367 | F39: =C39-D39 -> 20 | G39: ='상담(남)'!G39 -> 600 | H39: ='상담(남)'!H39 -> 1000 | I39: ='상담(남)'!I39 -> 974 | J39: ='상담(남)'!J39 -> 967 | K39: ='상담(남)'!K39 -> 기초 20 축구 13 농구 7 체조 5 | L39: ='상담(남)'!L39 -> 기초 20 축구 13 농구 7 체조 5 | M39: ='상담(남)'!M39 -> 20 | N39: ='상담(남)'!N39 -> 20 | ... U39: ='상담(남)'!U39 -> 기초체력 기준
A40: ='상담(남)'!A40 -> 충남 | B40: ='상담(남)'!B40 -> 순천향대 스포츠과학 | C40: ='상담(남)'!C40 -> 300 | D40: ='상담(남)'!D40 -> 276 | E40: ='상담(남)'!E40 -> 252 | F40: =C40-D40 -> 24 | G40: ='상담(남)'!G40 -> 692.22222 | H40: ='상담(남)'!H40 -> 992.22222 | I40: ='상담(남)'!I40 -> 962 | J40: ='상담(남)'!J40 -> 952 | K40: ='상담(남)'!K40 -> 16 | L40: ='상담(남)'!L40 -> 16 | M40: ='상담(남)'!M40 -> 17 | N40: ='상담(남)'!N40 -> 17 | ... U40: ='상담(남)'!U40 -> 윗몸폐지 농구신설(45초)
A41: ='상담(남)'!A41 -> 충남 | B41: ='상담(남)'!B41 -> 순천향대 스포츠의학 | C41: ='상담(남)'!C41 -> 400 | D41: ='상담(남)'!D41 -> 382 | E41: ='상담(남)'!E41 -> 369 | F41: =C41-D41 -> 18 | G41: ='상담(남)'!G41 -> 595 | H41: ='상담(남)'!H41 -> 995 | I41: ='상담(남)'!I41 -> 976 | J41: ='상담(남)'!J41 -> 969 | K41: ='상담(남)'!K41 -> 13 | L41: ='상담(남)'!L41 -> 13 | M41: ='상담(남)'!M41 -> 12 | N41: ='상담(남)'!N41 -> 15 | ... U41: ='상담(남)'!U41 -> .
A42: ='상담(남)'!A42 -> 충남 | B42: ='상담(남)'!B42 -> 순천향대 스포츠응용산업 | C42: ='상담(남)'!C42 -> 300 | D42: ='상담(남)'!D42 -> 276 | E42: ='상담(남)'!E42 -> 262 | F42: =C42-D42 -> 24 | G42: ='상담(남)'!G42 -> 696.11111 | H42: ='상담(남)'!H42 -> 996.11111 | I42: ='상담(남)'!I42 -> 968 | J42: ='상담(남)'!J42 -> 962 | K42: ='상담(남)'!K42 -> 20 | L42: ='상담(남)'!L42 -> 20 | M42: ='상담(남)'!M42 -> 19 | N42: ='상담(남)'!N42 -> 19 | ... U42: ='상담(남)'!U42 -> 학과명 변경
A43: ='상담(남)'!A43 -> 인천 | B43: ='상담(남)'!B43 -> 안양대 스포츠과학 | C43: ='상담(남)'!C43 -> 300 | D43: ='상담(남)'!D43 -> 282 | E43: ='상담(남)'!E43 -> 230 | F43: =C43-D43 -> 18 | G43: ='상담(남)'!G43 -> 600 | H43: ='상담(남)'!H43 -> 900 | I43: ='상담(남)'!I43 -> 852 | J43: ='상담(남)'!J43 -> 830 | K43: ='상담(남)'!K43 -> 10 | L43: ='상담(남)'!L43 -> 7 | M43: ='상담(남)'!M43 -> 14 | N43: ='상담(남)'!N43 -> 12 | ... U43: ='상담(남)'!U43 -> .
A44: ='상담(남)'!A44 -> 인천 | B44: ='상담(남)'!B44 -> 안양대 스포츠응용산업 | C44: ='상담(남)'!C44 -> 280 | D44: ='상담(남)'!D44 -> 0 | E44: ='상담(남)'!E44 -> 0 | F44: =C44-D44 -> 280 | G44: ='상담(남)'!G44 -> 600 | H44: ='상담(남)'!H44 -> 880 | I44: ='상담(남)'!I44 -> 800 | J44: ='상담(남)'!J44 -> 730 | K44: ='상담(남)'!K44 -> 일반학생선발 | L44: ='상담(남)'!L44 -> 4 | M44: ='상담(남)'!M44 -> 16 | N44: ='상담(남)'!N44 -> 0 | ... U44: ='상담(남)'!U44 -> 학과명 변경
A45: ='상담(남)'!A45 -> 인천 | B45: ='상담(남)'!B45 -> 안양대 스포츠자율전공 | C45: ='상담(남)'!C45 -> 250 | D45: ='상담(남)'!D45 -> 322 | E45: ='상담(남)'!E45 -> 250 | F45: =C45-D45 -> -72 | G45: ='상담(남)'!G45 -> 600 | H45: ='상담(남)'!H45 -> 850 | I45: ='상담(남)'!I45 -> 904 | J45: ='상담(남)'!J45 -> 850 | K45: ='상담(남)'!K45 -> 15 | L45: ='상담(남)'!L45 -> 15 | M45: ='상담(남)'!M45 -> 0 | N45: ='상담(남)'!N45 -> 0 | ... T45: ='상담(남)'!T45 -> 0
A46: ='상담(남)'!A46 -> 경기 | B46: ='상담(남)'!B46 -> 용인대 스포츠레저 | C46: ='상담(남)'!C46 -> 140 | D46: ='상담(남)'!D46 -> 138.5 | E46: ='상담(남)'!E46 -> 131 | F46: =C46-D46 -> 1.5 | G46: ='상담(남)'!G46 -> 340 | H46: ='상담(남)'!H46 -> 480 | I46: ='상담(남)'!I46 -> 483.5 | J46: ='상담(남)'!J46 -> 476 | K46: ='상담(남)'!K46 -> 8 | L46: ='상담(남)'!L46 -> 9 | M46: ='상담(남)'!M46 -> 16 | N46: ='상담(남)'!N46 -> 15 | ... U46: ='상담(남)'!U46 -> .
A47: ='상담(남)'!A47 -> 경기 | B47: ='상담(남)'!B47 -> 용인대 특수체육교육 | C47: ='상담(남)'!C47 -> 148 | D47: ='상담(남)'!D47 -> 142.5 | E47: ='상담(남)'!E47 -> 140.7 | F47: =C47-D47 -> 5.5 | G47: ='상담(남)'!G47 -> 350 | H47: ='상담(남)'!H47 -> 498 | I47: ='상담(남)'!I47 -> 492.5 | J47: ='상담(남)'!J47 -> 490.7 | K47: ='상담(남)'!K47 -> 12 | L47: ='상담(남)'!L47 -> 12 | M47: ='상담(남)'!M47 -> 12 | N47: ='상담(남)'!N47 -> 13 | ... U47: ='상담(남)'!U47 -> .
A48: ='상담(남)'!A48 -> 경기 | B48: ='상담(남)'!B48 -> 용인대 체육 | C48: ='상담(남)'!C48 -> 142 | D48: ='상담(남)'!D48 -> 139.5 | E48: ='상담(남)'!E48 -> 137 | F48: =C48-D48 -> 2.5 | G48: ='상담(남)'!G48 -> 350 | H48: ='상담(남)'!H48 -> 492 | I48: ='상담(남)'!I48 -> 484.5 | J48: ='상담(남)'!J48 -> 482 | K48: ='상담(남)'!K48 -> 13 | L48: ='상담(남)'!L48 -> 12 | M48: ='상담(남)'!M48 -> 0 | N48: ='상담(남)'!N48 -> 0 | ... T48: ='상담(남)'!T48 -> 0
A49: ='상담(남)'!A49 -> 전북 | B49: ='상담(남)'!B49 -> 원광대 스포츠과학 | C49: ='상담(남)'!C49 -> 400 | D49: ='상담(남)'!D49 -> 540 | E49: ='상담(남)'!E49 -> 530 | F49: =C49-D49 -> -140 | G49: ='상담(남)'!G49 -> 980 | H49: ='상담(남)'!H49 -> 1380 | I49: ='상담(남)'!I49 -> 1455 | J49: ='상담(남)'!J49 -> 1354 | K49: ='상담(남)'!K49 -> 45 | L49: ='상담(남)'!L49 -> 45 | M49: ='상담(남)'!M49 -> 53 | N49: ='상담(남)'!N49 -> 53 | ... U49: ='상담(남)'!U49 -> 교과점수 반영 변경 자연 상승발생
A50: ='상담(남)'!A50 -> 전북 | B50: ='상담(남)'!B50 -> 원광대 체육교육 | C50: ='상담(남)'!C50 -> 400 | D50: ='상담(남)'!D50 -> 582.5 | E50: ='상담(남)'!E50 -> 530 | F50: =C50-D50 -> -182.5 | G50: ='상담(남)'!G50 -> 910 | H50: ='상담(남)'!H50 -> 1310 | I50: ='상담(남)'!I50 -> 1450 | J50: ='상담(남)'!J50 -> 1250 | K50: ='상담(남)'!K50 -> 18 | L50: ='상담(남)'!L50 -> 18 | M50: ='상담(남)'!M50 -> 18 | N50: ='상담(남)'!N50 -> 18 | ... U50: ='상담(남)'!U50 -> 교과점수 반영 변경 자연 상승발생
A51: ='상담(남)'!A51 -> 경기 | B51: ='상담(남)'!B51 -> 을지대 스포츠아웃도어 | C51: ='상담(남)'!C51 -> 300 | D51: ='상담(남)'!D51 -> 255.7 | E51: ='상담(남)'!E51 -> 185.1 | F51: =C51-D51 -> 44.3 | G51: ='상담(남)'!G51 -> 700 | H51: ='상담(남)'!H51 -> 1000 | I51: ='상담(남)'!I51 -> 916 | J51: ='상담(남)'!J51 -> 892 | K51: ='상담(남)'!K51 -> - | L51: ='상담(남)'!L51 -> 0 | M51: ='상담(남)'!M51 -> 25 | N51: ='상담(남)'!N51 -> 27 | ... U51: ='상담(남)'!U51 -> 폐지
A52: ='상담(남)'!A52 -> 인천 | B52: ='상담(남)'!B52 -> 인천대 운동건강 | C52: ='상담(남)'!C52 -> 200 | D52: ='상담(남)'!D52 -> 194.6 | E52: ='상담(남)'!E52 -> 190.1 | F52: =C52-D52 -> 5.4 | G52: ='상담(남)'!G52 -> 300 | H52: ='상담(남)'!H52 -> 500 | I52: ='상담(남)'!I52 -> 487.6 | J52: ='상담(남)'!J52 -> 483.1 | K52: ='상담(남)'!K52 -> 20 | L52: ='상담(남)'!L52 -> 20 | M52: ='상담(남)'!M52 -> 20 | N52: ='상담(남)'!N52 -> 24 | ... U52: ='상담(남)'!U52 -> .
A53: ='상담(남)'!A53 -> 인천 | B53: ='상담(남)'!B53 -> 인천대 스포츠과학 | C53: ='상담(남)'!C53 -> 200 | D53: ='상담(남)'!D53 -> 195.4 | E53: ='상담(남)'!E53 -> 192.1 | F53: =C53-D53 -> 4.6 | G53: ='상담(남)'!G53 -> 300 | H53: ='상담(남)'!H53 -> 500 | I53: ='상담(남)'!I53 -> 488.4 | J53: ='상담(남)'!J53 -> 485.1 | K53: ='상담(남)'!K53 -> 27 | L53: ='상담(남)'!L53 -> 27 | M53: ='상담(남)'!M53 -> 27 | N53: ='상담(남)'!N53 -> 27 | ... U53: ='상담(남)'!U53 -> .
A54: ='상담(남)'!A54 -> 인천 | B54: ='상담(남)'!B54 -> 인천대 체육교육 | C54: ='상담(남)'!C54 -> 200 | D54: ='상담(남)'!D54 -> 198.4 | E54: ='상담(남)'!E54 -> 197.1 | F54: =C54-D54 -> 1.6 | G54: ='상담(남)'!G54 -> 200 | H54: ='상담(남)'!H54 -> 400 | I54: ='상담(남)'!I54 -> 395.4 | J54: ='상담(남)'!J54 -> 392.4 | K54: ='상담(남)'!K54 -> 8 | L54: ='상담(남)'!L54 -> 7 | M54: ='상담(남)'!M54 -> 7 | N54: ='상담(남)'!N54 -> 6 | ... U54: ='상담(남)'!U54 -> 턱걸이,매달리기 폐지 매던 신설
A55: ='상담(남)'!A55 -> 충남 | B55: ='상담(남)'!B55 -> 중부대 스포츠재활복지 | C55: ='상담(남)'!C55 -> 300 | D55: ='상담(남)'!D55 -> 235 | E55: ='상담(남)'!E55 -> 160 | F55: =C55-D55 -> 65 | G55: ='상담(남)'!G55 -> 700 | H55: ='상담(남)'!H55 -> 1000 | I55: ='상담(남)'!I55 -> 882 | J55: ='상담(남)'!J55 -> 836 | K55: ='상담(남)'!K55 -> 10 | L55: ='상담(남)'!L55 -> 10 | M55: ='상담(남)'!M55 -> 26 | N55: ='상담(남)'!N55 -> 22 | ... U55: ='상담(남)'!U55 -> 경쟁률과 컷라인 민감
A56: ='상담(남)'!A56 -> 충남 | B56: ='상담(남)'!B56 -> 중부대 스포츠건강관리 | C56: ='상담(남)'!C56 -> 300 | D56: ='상담(남)'!D56 -> 220 | E56: ='상담(남)'!E56 -> 160 | F56: =C56-D56 -> 80 | G56: ='상담(남)'!G56 -> 700 | H56: ='상담(남)'!H56 -> 1000 | I56: ='상담(남)'!I56 -> 848 | J56: ='상담(남)'!J56 -> 808 | K56: ='상담(남)'!K56 -> 12 | L56: ='상담(남)'!L56 -> 10 | M56: ='상담(남)'!M56 -> 21 | N56: ='상담(남)'!N56 -> 25 | ... U56: ='상담(남)'!U56 -> 경쟁률과 컷라인 민감
A57: ='상담(남)'!A57 -> 충남 | B57: ='상담(남)'!B57 -> 중부대 특수체육교육 | C57: ='상담(남)'!C57 -> 600 | D57: ='상담(남)'!D57 -> 280 | E57: ='상담(남)'!E57 -> 225 | F57: =C57-D57 -> 320 | G57: ='상담(남)'!G57 -> 700 | H57: ='상담(남)'!H57 -> 1300 | I57: ='상담(남)'!I57 -> 955 | J57: ='상담(남)'!J57 -> 925 | K57: ='상담(남)'!K57 -> 18 | L57: ='상담(남)'!L57 -> 18 | M57: ='상담(남)'!M57 -> 18 | N57: ='상담(남)'!N57 -> 18 | ... U57: ='상담(남)'!U57 -> .
A58: ='상담(남)'!A58 -> 충북 | B58: ='상담(남)'!B58 -> 중원대 스포츠경영학부 | C58: ='상담(남)'!C58 -> 200 | D58: ='상담(남)'!D58 -> 134 | E58: ='상담(남)'!E58 -> 104 | F58: =C58-D58 -> 66 | G58: ='상담(남)'!G58 -> 800 | H58: ='상담(남)'!H58 -> 1000 | I58: ='상담(남)'!I58 -> 0 | J58: ='상담(남)'!J58 -> 0 | K58: ='상담(남)'!K58 -> - | L58: ='상담(남)'!L58 -> 19 | M58: ='상담(남)'!M58 -> 15 | N58: ='상담(남)'!N58 -> 15 | ... U58: ='상담(남)'!U58 -> 미선발
A59: ='상담(남)'!A59 -> 충북 | B59: ='상담(남)'!B59 -> 한국교통대 스포츠의학 | C59: ='상담(남)'!C59 -> 600 | D59: ='상담(남)'!D59 -> 561 | E59: ='상담(남)'!E59 -> 500 | F59: =C59-D59 -> 39 | G59: ='상담(남)'!G59 -> 400 | H59: ='상담(남)'!H59 -> 1000 | I59: ='상담(남)'!I59 -> 931 | J59: ='상담(남)'!J59 -> 900 | K59: ='상담(남)'!K59 -> 13 | L59: ='상담(남)'!L59 -> 13 | M59: ='상담(남)'!M59 -> 13 | N59: ='상담(남)'!N59 -> 27 | ... U59: ='상담(남)'!U59 -> .
A60: ='상담(남)'!A60 -> 충북 | B60: ='상담(남)'!B60 -> 한국교통대 스포츠산업 | C60: ='상담(남)'!C60 -> 270 | D60: ='상담(남)'!D60 -> 232 | E60: ='상담(남)'!E60 -> 195 | F60: =C60-D60 -> 38 | G60: ='상담(남)'!G60 -> 700 | H60: ='상담(남)'!H60 -> 970 | I60: ='상담(남)'!I60 -> 897 | J60: ='상담(남)'!J60 -> 875 | K60: ='상담(남)'!K60 -> 10 | L60: ='상담(남)'!L60 -> 10 | M60: ='상담(남)'!M60 -> 11 | N60: ='상담(남)'!N60 -> _ | ... U60: ='상담(남)'!U60 -> .
... A66: ='상담(남)'!A66 -> 충남 | B66: ='상담(남)'!B66 -> 호서대 사회체육 | C66: ='상담(남)'!C66 -> 200 | D66: ='상담(남)'!D66 -> 156 | E66: ='상담(남)'!E66 -> 124 | F66: =C66-D66 -> 44 | G66: ='상담(남)'!G66 -> 800 | H66: ='상담(남)'!H66 -> 1000 | I66: ='상담(남)'!I66 -> 940 | J66: ='상담(남)'!J66 -> 924 | K66: ='상담(남)'!K66 -> 19 | L66: ='상담(남)'!L66 -> 19 | M66: ='상담(남)'!M66 -> 19 | N66: ='상담(남)'!N66 -> 19 | ... U66: ='상담(남)'!U66 -> 경쟁률과 컷라인 민감
A67: ='상담(남)'!A68 -> 서울 | B67: ='상담(남)'!B68 -> 한국체대 노인체육복지 | C67: ='상담(남)'!C68 -> 800 | D67: ='상담(남)'!D68 -> 991.03 | E67: ='상담(남)'!E68 -> 989.5 | F67: =C67-D67 -> -191.03 | G67: ='상담(남)'!G68 -> 200 | I67: ='상담(남)'!I68 -> 173.68 | J67: ='상담(남)'!J68 -> 157.89 | K67: ='상담(남)'!K68 -> 7 | L67: ='상담(남)'!L68 -> 7 | M67: ='상담(남)'!M68 -> 7 | N67: ='상담(남)'!N68 -> 7 | O67: ='상담(남)'!O68 -> 0 | P67: ='상담(남)'!P68 -> 0 | ... U67: ='상담(남)'!U68 -> .
A68: ='상담(남)'!A69 -> 서울 | B68: ='상담(남)'!B69 -> 한국체대 스포츠산업 | C68: ='상담(남)'!C69 -> 1000 | D68: ='상담(남)'!D69 -> 991.2 | E68: ='상담(남)'!E69 -> 989.4 | F68: =C68-D68 -> 8.8 | G68: ='상담(남)'!G69 -> 300 | I68: ='상담(남)'!I69 -> 175.96 | J68: ='상담(남)'!J69 -> 157.02 | K68: ='상담(남)'!K69 -> 5 | L68: ='상담(남)'!L69 -> 10 | M68: ='상담(남)'!M69 -> 10 | N68: ='상담(남)'!N69 -> 10 | O68: ='상담(남)'!O69 -> 3 | P68: ='상담(남)'!P69 -> 1 | ... U68: ='상담(남)'!U69 -> .
A69: ='상담(남)'!A70 -> 서울 | B69: ='상담(남)'!B70 -> 한국체대 사회체육 | C69: ='상담(남)'!C70 -> 1000 | D69: ='상담(남)'!D70 -> 990.32 | E69: ='상담(남)'!E70 -> 988.85 | F69: =C69-D69 -> 9.68 | G69: ='상담(남)'!G70 -> 400 | I69: ='상담(남)'!I70 -> 355.95 | J69: ='상담(남)'!J70 -> 311.18 | K69: ='상담(남)'!K70 -> 10 | L69: ='상담(남)'!L70 -> 5 | M69: ='상담(남)'!M70 -> 5 | N69: ='상담(남)'!N70 -> 5 | O69: ='상담(남)'!O70 -> 0 | P69: ='상담(남)'!P70 -> 2 | ... U69: ='상담(남)'!U70 -> .
A70: ='상담(남)'!A71 -> 서울 | B70: ='상담(남)'!B71 -> 한국체대 스포츠청소년지도 | C70: ='상담(남)'!C71 -> 999 | D70: ='상담(남)'!D71 -> 991.45 | E70: ='상담(남)'!E71 -> 990.15 | F70: =C70-D70 -> 7.55 | G70: ='상담(남)'!G71 -> 200 | I70: ='상담(남)'!I71 -> 169.86 | J70: ='상담(남)'!J71 -> 145.62 | K70: ='상담(남)'!K71 -> 11 | L70: ='상담(남)'!L71 -> 11 | M70: ='상담(남)'!M71 -> 11 | N70: ='상담(남)'!N71 -> 11 | O70: ='상담(남)'!O71 -> 5 | P70: ='상담(남)'!P71 -> 0 | ... U70: ='상담(남)'!U71 -> .
A71: ='상담(남)'!A72 -> 서울 | B71: ='상담(남)'!B72 -> 한국체대 운동건강 | C71: ='상담(남)'!C72 -> 990 | D71: ='상담(남)'!D72 -> 995.31 | E71: ='상담(남)'!E72 -> 992.85 | F71: =C71-D71 -> -5.31 | G71: ='상담(남)'!G72 -> 300 | I71: ='상담(남)'!I72 -> 261.95 | J71: ='상담(남)'!J72 -> 242.11 | K71: ='상담(남)'!K72 -> 5 | L71: ='상담(남)'!L72 -> 10 | M71: ='상담(남)'!M72 -> 10 | N71: ='상담(남)'!N72 -> 10 | O71: ='상담(남)'!O72 -> 1 | P71: ='상담(남)'!P72 -> 0 | ... U71: ='상담(남)'!U72 -> .
A72: ='상담(남)'!A73 -> 서울 | B72: ='상담(남)'!B73 -> 한국체대 특수체육교육 | C72: ='상담(남)'!C73 -> 989 | D72: ='상담(남)'!D73 -> 994.61 | E72: ='상담(남)'!E73 -> 992.4 | F72: =C72-D72 -> -5.61 | G72: ='상담(남)'!G73 -> 300 | I72: ='상담(남)'!I73 -> 253.05 | J72: ='상담(남)'!J73 -> 226.32 | K72: ='상담(남)'!K73 -> 19 | L72: ='상담(남)'!L73 -> 19 | M72: ='상담(남)'!M73 -> 19 | N72: ='상담(남)'!N73 -> 19 | O72: ='상담(남)'!O73 -> 6 | P72: ='상담(남)'!P73 -> 4 | ... U72: ='상담(남)'!U73 -> 면접 중요

Sheet 학생상담(여)
C2: 상담학생 | E2: 고춘자
A4: 지역 | B4: 대학명 | C4: 내점수 | D4: 합격자 평균점수 | E4: 실시상위권 지원점수 | F4: 내신환산점 과부족 | G4: 내실기점수 | H4: 내총점 | I4: 안정점수 | J4: 기대점수 | K4: 2026 모집정원 | L4: 2025 모집정원 | M4: 2024 모집정원 | N4: 2023 모집정원 | O4: 2025 충원합격 | P4: 2024 충원합격 | Q4: 2023 충원합격 | R4: 2022 충원합격 | S4: 2025 경쟁률 | T4: 2024 경쟁률 | U4: 참고사항
A5: ='상담(여)'!A5 -> 경기 | B5: ='상담(여)'!B5 -> 가천대 체육 | C5: ='상담(여)'!C5 -> 300 | D5: ='상담(여)'!D5 -> 294 | E5: ='상담(여)'!E5 -> 273 | F5: =C5-D5 -> 6 | G5: ='상담(여)'!G5 -> 700 | H5: ='상담(여)'!H5 -> 1000 | I5: ='상담(여)'!I5 -> 984 | J5: ='상담(여)'!J5 -> 973 | K5: ='상담(여)'!K5 -> 40 | L5: ='상담(여)'!L5 -> 40 | M5: ='상담(여)'!M5 -> 30 | N5: ='상담(여)'!N5 -> 20 | ... U5: ='상담(여)'!U5 -> .
A6: ='상담(여)'!A6 -> 강원 | B6: ='상담(여)'!B6 -> 가톨릭관동대 체육교육 | C6: ='상담(여)'!C6 -> 700 | D6: ='상담(여)'!D6 -> 661 | E6: ='상담(여)'!E6 -> 621 | F6: =C6-D6 -> 39 | G6: ='상담(여)'!G6 -> 300 | H6: ='상담(여)'!H6 -> 1000 | I6: ='상담(여)'!I6 -> 945 | J6: ='상담(여)'!J6 -> 921 | K6: ='상담(여)'!K6 -> 20 | L6: ='상담(여)'!L6 -> 20 | M6: ='상담(여)'!M6 -> 20 | N6: ='상담(여)'!N6 -> 20 | ... U6: ='상담(여)'!U6 -> 내신8과목에서 12과목 반영
A7: ='상담(여)'!A7 -> 강원 | B7: ='상담(여)'!B7 -> 가톨릭관동대 스포츠레저 | C7: ='상담(여)'!C7 -> 600 | D7: ='상담(여)'!D7 -> 485 | E7: ='상담(여)'!E7 -> 414 | F7: =C7-D7 -> 115 | G7: ='상담(여)'!G7 -> 400 | H7: ='상담(여)'!H7 -> 1000 | I7: ='상담(여)'!I7 -> 835 | J7: ='상담(여)'!J7 -> 814 | K7: ='상담(여)'!K7 -> 41 | L7: ='상담(여)'!L7 -> 40 | M7: ='상담(여)'!M7 -> 40 | N7: ='상담(여)'!N7 -> 96 | ... U7: ='상담(여)'!U7 -> 내신8과목에서 12과목 반영
A8: ='상담(여)'!A8 -> 강원 | B8: ='상담(여)'!B8 -> 가톨릭관동대 스포츠재활의학 | C8: ='상담(여)'!C8 -> 600 | D8: ='상담(여)'!D8 -> 500 | E8: ='상담(여)'!E8 -> 455 | F8: =C8-D8 -> 100 | G8: ='상담(여)'!G8 -> 400 | H8: ='상담(여)'!H8 -> 1000 | I8: ='상담(여)'!I8 -> 878 | J8: ='상담(여)'!J8 -> 855 | K8: ='상담(여)'!K8 -> 40 | L8: ='상담(여)'!L8 -> 40 | M8: ='상담(여)'!M8 -> 31 | N8: ='상담(여)'!N8 -> 0 | ... U8: ='상담(여)'!U8 -> 실기만점기준 상향 조정
A9: ='상담(여)'!A9 -> 경기 | B9: ='상담(여)'!B9 -> 강남대 체육 | C9: ='상담(여)'!C9 -> 300 | D9: ='상담(여)'!D9 -> 291 | E9: ='상담(여)'!E9 -> 271 | F9: =C9-D9 -> 9 | G9: ='상담(여)'!G9 -> 688 | H9: ='상담(여)'!H9 -> 988 | I9: ='상담(여)'!I9 -> 979 | J9: ='상담(여)'!J9 -> 971 | K9: ='상담(여)'!K9 -> 29 | L9: ='상담(여)'!L9 -> 29 | M9: ='상담(여)'!M9 -> 29 | N9: ='상담(여)'!N9 -> 29 | ... U9: ='상담(여)'!U9 -> 내신반영변경,실기급간점수 변경
A10: ='상담(여)'!A10 -> 충북 | B10: ='상담(여)'!B10 -> 건국대(글) 스포츠건강 | C10: ='상담(여)'!C10 -> 200 | D10: ='상담(여)'!D10 -> 165 | E10: ='상담(여)'!E10 -> 121 | F10: =C10-D10 -> 35 | G10: ='상담(여)'!G10 -> 720 | H10: ='상담(여)'!H10 -> 920 | I10: ='상담(여)'!I10 -> 951 | J10: ='상담(여)'!J10 -> 921 | K10: ='상담(여)'!K10 -> 20 | L10: ='상담(여)'!L10 -> 20 | M10: ='상담(여)'!M10 -> 22 | N10: ='상담(여)'!N10 -> 18 | ... U10: ='상담(여)'!U10 -> 여자제멀, 남녀 농구 만점상향 조정
A11: ='상담(여)'!A11 -> 경기 | B11: ='상담(여)'!B11 -> 경기대 스포츠과학 | C11: ='상담(여)'!C11 -> 39.8 | D11: ='상담(여)'!D11 -> 29.49 | E11: ='상담(여)'!E11 -> 29.17 | F11: =C11-D11 -> 10.31 | G11: ='상담(여)'!G11 -> 70 | H11: ='상담(여)'!H11 -> 109.8 | I11: ='상담(여)'!I11 -> 99.3 | J11: ='상담(여)'!J11 -> 99.17 | K11: ='상담(여)'!K11 -> 19 | L11: ='상담(여)'!L11 -> 10 | M11: ='상담(여)'!M11 -> 10 | N11: ='상담(여)'!N11 -> 10 | ... U11: ='상담(여)'!U11 -> 만점기준 강화 실기반영(10%) 증가
A12: ='상담(여)'!A12 -> 경기 | B12: ='상담(여)'!B12 -> 경기대 체육 | C12: ='상담(여)'!C12 -> 36.55 | D12: ='상담(여)'!D12 -> 0 | E12: ='상담(여)'!E12 -> 0 | F12: =C12-D12 -> 36.55 | G12: ='상담(여)'!G12 -> 60 | H12: ='상담(여)'!H12 -> 96.55 | I12: ='상담(여)'!I12 -> 0 | J12: ='상담(여)'!J12 -> 0 | K12: ='상담(여)'!K12 -> 미선발 | L12: ='상담(여)'!L12 -> 0 | M12: ='상담(여)'!M12 -> 5 | N12: ='상담(여)'!N12 -> 5 | ... U12: ='상담(여)'!U12 -> 수시 폐지 2027 모집정원 전원 수시선발
A13: ='상담(여)'!A13 -> 충북 | B13: ='상담(여)'!B13 -> 극동대 스포츠재활 | C13: ='상담(여)'!C13 -> 200 | D13: ='상담(여)'!D13 -> 160 | E13: ='상담(여)'!E13 -> 116 | F13: =C13-D13 -> 40 | G13: ='상담(여)'!G13 -> 800 | H13: ='상담(여)'!H13 -> 1000 | I13: ='상담(여)'!I13 -> 920 | J13: ='상담(여)'!J13 -> 889.33 | K13: ='상담(여)'!K13 -> 29 | L13: ='상담(여)'!L13 -> 16 | M13: ='상담(여)'!M13 -> 26 | N13: ='상담(여)'!N13 -> 30 | ... U13: ='상담(여)'!U13 -> 실기 4종목 중 3종목 반영/ 경쟁률에 따른 컷라인 예측 불가
A14: ='상담(여)'!A14 -> 충남 | B14: ='상담(여)'!B14 -> 나사렛대 재활스포츠 | C14: ='상담(여)'!C14 -> 100 | D14: ='상담(여)'!D14 -> 85 | E14: ='상담(여)'!E14 -> 72 | F14: =C14-D14 -> 15 | G14: ='상담(여)'!G14 -> 900 | H14: ='상담(여)'!H14 -> 1000 | I14: ='상담(여)'!I14 -> 965 | J14: ='상담(여)'!J14 -> 923 | K14: ='상담(여)'!K14 -> 55 | L14: ='상담(여)'!L14 -> 30 | M14: ='상담(여)'!M14 -> 30 | N14: ='상담(여)'!N14 -> 30 | ... U14: ='상담(여)'!U14 -> 모집정원 대폭증가 컷라인 내려가라~
A15: ='상담(여)'!A15 -> 충남 | B15: ='상담(여)'!B15 -> 남서울대 스포츠건강관리 | C15: ='상담(여)'!C15 -> 300 | D15: ='상담(여)'!D15 -> 210 | E15: ='상담(여)'!E15 -> 154 | F15: =C15-D15 -> 90 | G15: ='상담(여)'!G15 -> 700 | H15: ='상담(여)'!H15 -> 1000 | I15: ='상담(여)'!I15 -> 851 | J15: ='상담(여)'!J15 -> 805 | K15: ='상담(여)'!K15 -> 42 | L15: ='상담(여)'!L15 -> 41 | M15: ='상담(여)'!M15 -> 36 | N15: ='상담(여)'!N15 -> 38 | ... U15: ='상담(여)'!U15 -> 좌전굴 폐지 매던 신설
A16: ='상담(여)'!A16 -> 충남 | B16: ='상담(여)'!B16 -> 남서울대 스포츠비즈니스 | C16: ='상담(여)'!C16 -> 300 | D16: ='상담(여)'!D16 -> 210 | E16: ='상담(여)'!E16 -> 136 | F16: =C16-D16 -> 90 | G16: ='상담(여)'!G16 -> 700 | H16: ='상담(여)'!H16 -> 1000 | I16: ='상담(여)'!I16 -> 840 | J16: ='상담(여)'!J16 -> 784 | K16: ='상담(여)'!K16 -> 42 | L16: ='상담(여)'!L16 -> 40 | M16: ='상담(여)'!M16 -> 35 | N16: ='상담(여)'!N16 -> 38 | ... U16: ='상담(여)'!U16 -> 3종목 모두 반영으로 총점 하향???
A17: ='상담(여)'!A17 -> 경기 | B17: ='상담(여)'!B17 -> 단국대 체육교육 | C17: ='상담(여)'!C17 -> 0 | D17: ='상담(여)'!D17 -> 686 | E17: ='상담(여)'!E17 -> 668 | F17: =C17-D17 -> -686 | G17: ='상담(여)'!G17 -> 352 | H17: ='상담(여)'!H17 -> 352 | I17: ='상담(여)'!I17 -> 982 | J17: ='상담(여)'!J17 -> 968 | K17: ='상담(여)'!K17 -> 10 | L17: ='상담(여)'!L17 -> 10 | M17: ='상담(여)'!M17 -> 0 | N17: ='상담(여)'!N17 -> 0 | ... T17: ='상담(여)'!T17 -> 0
A18: ='상담(여)'!A18 -> 충남 | B18: ='상담(여)'!B18 -> 단국대 생활체육 | C18: ='상담(여)'!C18 -> 197.5 | D18: ='상담(여)'!D18 -> 190 | E18: ='상담(여)'!E18 -> 180 | F18: =C18-D18 -> 7.5 | G18: ='상담(여)'!G18 -> 800 | H18: ='상담(여)'!H18 -> 997.5 | I18: ='상담(여)'!I18 -> 990 | J18: ='상담(여)'!J18 -> 980 | K18: ='상담(여)'!K18 -> 14 | L18: ='상담(여)'!L18 -> 14 | M18: ='상담(여)'!M18 -> 15 | N18: ='상담(여)'!N18 -> 15 | ... U18: ='상담(여)'!U18 -> .
A19: ='상담(여)'!A19 -> 충남 | B19: ='상담(여)'!B19 -> 단국대 운동처방재활 | C19: ='상담(여)'!C19 -> 197.5 | D19: ='상담(여)'!D19 -> 194.8 | E19: ='상담(여)'!E19 -> 192.2 | F19: =C19-D19 -> 2.7 | G19: ='상담(여)'!G19 -> 800 | H19: ='상담(여)'!H19 -> 997.5 | I19: ='상담(여)'!I19 -> 0 | J19: ='상담(여)'!J19 -> 0 | K19: ='상담(여)'!K19 -> 미선발 | L19: ='상담(여)'!L19 -> 5 | M19: ='상담(여)'!M19 -> 5 | N19: ='상담(여)'!N19 -> 6 | ... U19: ='상담(여)'!U19 -> 실기전형 미선발/교과전형 선발
A20: ='상담(여)'!A20 -> 대전 | B20: ='상담(여)'!B20 -> 대전대 스포츠건강재활 | C20: ='상담(여)'!C20 -> 400 | D20: ='상담(여)'!D20 -> 352 | E20: ='상담(여)'!E20 -> 330 | F20: =C20-D20 -> 48 | G20: ='상담(여)'!G20 -> 600 | H20: ='상담(여)'!H20 -> 1000 | I20: ='상담(여)'!I20 -> 942 | J20: ='상담(여)'!J20 -> 930 | K20: ='상담(여)'!K20 -> 27 | L20: ='상담(여)'!L20 -> 25 | M20: ='상담(여)'!M20 -> 25 | N20: ='상담(여)'!N20 -> 25 | ... U20: ='상담(여)'!U20 -> .
A21: ='상담(여)'!A21 -> 대전 | B21: ='상담(여)'!B21 -> 대전대 스포츠운동과학 | C21: ='상담(여)'!C21 -> 400 | D21: ='상담(여)'!D21 -> 348 | E21: ='상담(여)'!E21 -> 320 | F21: =C21-D21 -> 52 | G21: ='상담(여)'!G21 -> 600 | H21: ='상담(여)'!H21 -> 1000 | I21: ='상담(여)'!I21 -> 938 | J21: ='상담(여)'!J21 -> 920 | K21: ='상담(여)'!K21 -> 32 | L21: ='상담(여)'!L21 -> 32 | M21: ='상담(여)'!M21 -> 23 | N21: ='상담(여)'!N21 -> 20 | ... U21: ='상담(여)'!U21 -> .
A22: ='상담(여)'!A22 -> 경기 | B22: ='상담(여)'!B22 -> 대진대 스포츠겅강과학 | C22: ='상담(여)'!C22 -> 200 | D22: ='상담(여)'!D22 -> 184 | E22: ='상담(여)'!E22 -> 179.3 | F22: =C22-D22 -> 16 | G22: ='상담(여)'!G22 -> 800 | H22: ='상담(여)'!H22 -> 1000 | I22: ='상담(여)'!I22 -> 984 | J22: ='상담(여)'!J22 -> 979.3 | K22: ='상담(여)'!K22 -> 25 | L22: ='상담(여)'!L22 -> 25 | M22: ='상담(여)'!M22 -> 25 | N22: ='상담(여)'!N22 -> 22 | ... U22: ='상담(여)'!U22 -> 진로선택3과목 반영에서 5과목 반영
A23: ='상담(여)'!A23 -> 서울 | B23: ='상담(여)'!B23 -> 동국대 체육교육 | C23: ='상담(여)'!C23 -> 300 | D23: ='상담(여)'!D23 -> 298.4 | E23: ='상담(여)'!E23 -> 294.3 | F23: =C23-D23 -> 1.6 | G23: ='상담(여)'!G23 -> 700 | H23: ='상담(여)'!H23 -> 1000 | I23: ='상담(여)'!I23 -> 996.5 | J23: ='상담(여)'!J23 -> 994.3 | K23: ='상담(여)'!K23 -> 22 | L23: ='상담(여)'!L23 -> 23 | M23: ='상담(여)'!M23 -> 23 | N23: ='상담(여)'!N23 -> 23 | ... U23: ='상담(여)'!U23 -> 실기기본점수 50점
A24: ='상담(여)'!A24 -> 서울 | B24: ='상담(여)'!B24 -> 동덕여대 체육 | C24: ='상담(여)'!C24 -> 199.99 | D24: ='상담(여)'!D24 -> 396.8 | E24: ='상담(여)'!E24 -> 392.8 | F24: =C24-D24 -> -196.81 | G24: ='상담(여)'!G24 -> 528 | H24: ='상담(여)'!H24 -> 727.99 | I24: ='상담(여)'!I24 -> 0 | J24: ='상담(여)'!J24 -> 0 | K24: ='상담(여)'!K24 -> 일반학생미선발 | L24: ='상담(여)'!L24 -> 0 | M24: ='상담(여)'!M24 -> 0 | N24: ='상담(여)'!N24 -> 0 | ... U24: ='상담(여)'!U24 -> 일반학생 미선발
A25: ='상담(여)'!A25 -> 대전 | B25: ='상담(여)'!B25 -> 목원대 스포츠건강관리 | C25: ='상담(여)'!C25 -> 99.85 | D25: ='상담(여)'!D25 -> 86 | E25: ='상담(여)'!E25 -> 50 | F25: =C25-D25 -> 13.85 | G25: ='상담(여)'!G25 -> 900 | H25: ='상담(여)'!H25 -> 999.85 | I25: ='상담(여)'!I25 -> 918 | J25: ='상담(여)'!J25 -> 888 | K25: ='상담(여)'!K25 -> 30 | L25: ='상담(여)'!L25 -> 33 | M25: ='상담(여)'!M25 -> 33 | N25: ='상담(여)'!N25 -> 54 | ... U25: ='상담(여)'!U25 -> .
A26: ='상담(여)'!A26 -> 충남 | B26: ='상담(여)'!B26 -> 백석대 특수체육교육 | C26: ='상담(여)'!C26 -> 400 | D26: ='상담(여)'!D26 -> 552 | E26: ='상담(여)'!E26 -> 516 | F26: =C26-D26 -> -152 | G26: ='상담(여)'!G26 -> 400 | H26: ='상담(여)'!H26 -> 800 | I26: ='상담(여)'!I26 -> 930.67 | J26: ='상담(여)'!J26 -> 916 | K26: ='상담(여)'!K26 -> 27 | L26: ='상담(여)'!L26 -> 27 | M26: ='상담(여)'!M26 -> 27 | N26: ='상담(여)'!N26 -> 26 | ... U26: ='상담(여)'!U26 -> .
A27: ='상담(여)'!A27 -> 충남 | B27: ='상담(여)'!B27 -> 백석대 스포츠과학 | C27: ='상담(여)'!C27 -> 600 | D27: ='상담(여)'!D27 -> 349 | E27: ='상담(여)'!E27 -> 323 | F27: =C27-D27 -> 251 | G27: ='상담(여)'!G27 -> 600 | H27: ='상담(여)'!H27 -> 1200 | I27: ='상담(여)'!I27 -> 941 | J27: ='상담(여)'!J27 -> 923 | K27: ='상담(여)'!K27 -> 73 | L27: ='상담(여)'!L27 -> 73 | M27: ='상담(여)'!M27 -> 75 | N27: ='상담(여)'!N27 -> 46 | ... U27: ='상담(여)'!U27 -> .
A28: ='상담(여)'!A28 -> 서울 | B28: ='상담(여)'!B28 -> 삼육대 체육 | C28: ='상담(여)'!C28 -> 395 | D28: ='상담(여)'!D28 -> 392 | E28: ='상담(여)'!E28 -> 386 | F28: =C28-D28 -> 3 | G28: ='상담(여)'!G28 -> 600 | H28: ='상담(여)'!H28 -> 995 | I28: ='상담(여)'!I28 -> 990 | J28: ='상담(여)'!J28 -> 986 | K28: ='상담(여)'!K28 -> 12 | L28: ='상담(여)'!L28 -> 10 | M28: ='상담(여)'!M28 -> 11 | N28: ='상담(여)'!N28 -> 9 | ... U28: ='상담(여)'!U28 -> 진로선택3과목 반영에서 이수전과목 반영
A29: ='상담(여)'!A29 -> 서울 | B29: ='상담(여)'!B29 -> 상명대 스포츠건강 | C29: ='상담(여)'!C29 -> 300 | D29: ='상담(여)'!D29 -> 282 | E29: ='상담(여)'!E29 -> 235 | F29: =C29-D29 -> 18 | G29: ='상담(여)'!G29 -> 226.33333 | H29: ='상담(여)'!H29 -> 526.33333 | I29: ='상담(여)'!I29 -> 961 | J29: ='상담(여)'!J29 -> 935 | K29: ='상담(여)'!K29 -> 12 | L29: ='상담(여)'!L29 -> 12 | M29: ='상담(여)'!M29 -> 0 | N29: ='상담(여)'!N29 -> 0 | ... T29: ='상담(여)'!T29 -> 0
A30: ='상담(여)'!A30 -> 충남 | B30: ='상담(여)'!B30 -> 상명대(천안) 스포츠융합 | C30: ='상담(여)'!C30 -> 400 | D30: ='상담(여)'!D30 -> 357 | E30: ='상담(여)'!E30 -> 288 | F30: =C30-D30 -> 43 | G30: ='상담(여)'!G30 -> 600 | H30: ='상담(여)'!H30 -> 1000 | I30: ='상담(여)'!I30 -> 910 | J30: ='상담(여)'!J30 -> 888 | K30: ='상담(여)'!K30 -> 38 | L30: ='상담(여)'!L30 -> 38 | M30: ='상담(여)'!M30 -> 38 | N30: ='상담(여)'!N30 -> 43 | ... U30: ='상담(여)'!U30 -> .
A31: ='상담(여)'!A31 -> 강원 | B31: ='상담(여)'!B31 -> 상지대 체육 | C31: ='상담(여)'!C31 -> 300 | D31: ='상담(여)'!D31 -> 233 | E31: ='상담(여)'!E31 -> 197 | F31: =C31-D31 -> 67 | G31: ='상담(여)'!G31 -> 700 | H31: ='상담(여)'!H31 -> 1000 | I31: ='상담(여)'!I31 -> 920 | J31: ='상담(여)'!J31 -> 897 | K31: ='상담(여)'!K31 -> 40 | L31: ='상담(여)'!L31 -> 40 | M31: ='상담(여)'!M31 -> 55 | N31: ='상담(여)'!N31 -> 60 | ... U31: ='상담(여)'!U31 -> .
A32: ='상담(여)'!A32 -> 서울 | B32: ='상담(여)'!B32 -> 서경대 스포츠&테크놀러지 | C32: ='상담(여)'!C32 -> 0 | D32: ='상담(여)'!D32 -> 294 | E32: ='상담(여)'!E32 -> 281 | F32: =C32-D32 -> -294 | G32: ='상담(여)'!G32 -> 400 | H32: ='상담(여)'!H32 -> 400 | I32: ='상담(여)'!I32 -> 687.33 | J32: ='상담(여)'!J32 -> 680.67 | K32: ='상담(여)'!K32 -> 30 | L32: ='상담(여)'!L32 -> 30 | M32: ='상담(여)'!M32 -> 0 | N32: ='상담(여)'!N32 -> 0 | ... T32: ='상담(여)'!T32 -> 19.90
A33: ='상담(여)'!A33 -> 서울 | B33: ='상담(여)'!B33 -> 서울여대 스포츠운동과학 | C33: ='상담(여)'!C33 -> 600 | D33: ='상담(여)'!D33 -> 58 | E33: ='상담(여)'!E33 -> 55.49 | F33: =C33-D33 -> 542 | G33: ='상담(여)'!G33 -> 40 | H33: ='상담(여)'!H33 -> 640 | I33: ='상담(여)'!I33 -> 97.7 | J33: ='상담(여)'!J33 -> 95.49 | K33: ='상담(여)'!K33 -> 10 | L33: ='상담(여)'!L33 -> 10 | M33: ='상담(여)'!M33 -> 10 | N33: ='상담(여)'!N33 -> 10 | ... U33: ='상담(여)'!U33 -> .
A34: ='상담(여)'!A34 -> 충남 | B34: ='상담(여)'!B34 -> 서원대 체육교육 | C34: ='상담(여)'!C34 -> 600 | D34: ='상담(여)'!D34 -> 588 | E34: ='상담(여)'!E34 -> 576 | F34: =C34-D34 -> 12 | G34: ='상담(여)'!G34 -> 400 | H34: ='상담(여)'!H34 -> 1000 | I34: ='상담(여)'!I34 -> 981.6 | J34: ='상담(여)'!J34 -> 976 | K34: ='상담(여)'!K34 -> 28 | L34: ='상담(여)'!L34 -> 23 | M34: ='상담(여)'!M34 -> 23 | N34: ='상담(여)'!N34 -> 23 | ... U34: ='상담(여)'!U34 -> 실기기본점수 80점/실기변경/변별력 상승
A35: ='상담(여)'!A35 -> 충남 | B35: ='상담(여)'!B35 -> 서원대 레저스포츠 | C35: ='상담(여)'!C35 -> 185 | D35: ='상담(여)'!D35 -> 190.5 | E35: ='상담(여)'!E35 -> 170 | F35: =C35-D35 -> -5.5 | G35: ='상담(여)'!G35 -> 800 | H35: ='상담(여)'!H35 -> 985 | I35: ='상담(여)'!I35 -> 978.3 | J35: ='상담(여)'!J35 -> 963.6 | K35: ='상담(여)'!K35 -> 31 | L35: ='상담(여)'!L35 -> 48 | M35: ='상담(여)'!M35 -> 45 | N35: ='상담(여)'!N35 -> 58 | ... U35: ='상담(여)'!U35 -> 실기기본점수 160점/변별력 상승
A36: ='상담(여)'!A36 -> 충남 | B36: ='상담(여)'!B36 -> 서원대 헬스케어운동 | C36: ='상담(여)'!C36 -> 165 | D36: ='상담(여)'!D36 -> 193 | E36: ='상담(여)'!E36 -> 175 | F36: =C36-D36 -> -28 | G36: ='상담(여)'!G36 -> 800 | H36: ='상담(여)'!H36 -> 965 | I36: ='상담(여)'!I36 -> 986.6 | J36: ='상담(여)'!J36 -> 971.4 | K36: ='상담(여)'!K36 -> 25 | L36: ='상담(여)'!L36 -> 25 | M36: ='상담(여)'!M36 -> 25 | N36: ='상담(여)'!N36 -> 30 | ... U36: ='상담(여)'!U36 -> 실기기본점수 160점/변별력 상승
A37: ='상담(여)'!A37 -> 충남 | B37: ='상담(여)'!B37 -> 선문대 스포츠과학 | C37: ='상담(여)'!C37 -> 180 | D37: ='상담(여)'!D37 -> 120 | E37: ='상담(여)'!E37 -> 40 | F37: =C37-D37 -> 60 | G37: ='상담(여)'!G37 -> 800 | H37: ='상담(여)'!H37 -> 980 | I37: ='상담(여)'!I37 -> 830 | J37: ='상담(여)'!J37 -> 795 | K37: ='상담(여)'!K37 -> 27 | L37: ='상담(여)'!L37 -> 26 | M37: ='상담(여)'!M37 -> 24 | N37: ='상담(여)'!N37 -> 25 | ... U37: ='상담(여)'!U37 -> .
A38: ='상담(여)'!A38 -> 충남 | B38: ='상담(여)'!B38 -> 선문대 피트니스재활 | C38: ='상담(여)'!C38 -> 170 | D38: ='상담(여)'!D38 -> 120 | E38: ='상담(여)'!E38 -> 40 | F38: =C38-D38 -> 50 | G38: ='상담(여)'!G38 -> 800 | H38: ='상담(여)'!H38 -> 970 | I38: ='상담(여)'!I38 -> 780 | J38: ='상담(여)'!J38 -> 734 | K38: ='상담(여)'!K38 -> 27 | L38: ='상담(여)'!L38 -> 25 | M38: ='상담(여)'!M38 -> 24 | N38: ='상담(여)'!N38 -> 25 | ... U38: ='상담(여)'!U38 -> .
A39: ='상담(여)'!A39 -> 경기 | B39: ='상담(여)'!B39 -> 성결대 체육교육 | C39: ='상담(여)'!C39 -> 400 | D39: ='상담(여)'!D39 -> 395 | E39: ='상담(여)'!E39 -> 385 | F39: =C39-D39 -> 5 | G39: ='상담(여)'!G39 -> 600 | H39: ='상담(여)'!H39 -> 1000 | I39: ='상담(여)'!I39 -> 991 | J39: ='상담(여)'!J39 -> 985 | K39: ='상담(여)'!K39 -> 14 | L39: ='상담(여)'!L39 -> 14 | M39: ='상담(여)'!M39 -> 14 | N39: ='상담(여)'!N39 -> 8 | ... U39: ='상담(여)'!U39 -> 내신반영방법 변경/교과점수 상승
A40: ='상담(여)'!A40 -> 충북 | B40: ='상담(여)'!B40 -> 세명대 생활체육 | C40: ='상담(여)'!C40 -> 200 | D40: ='상담(여)'!D40 -> 120 | E40: ='상담(여)'!E40 -> 40 | F40: =C40-D40 -> 80 | G40: ='상담(여)'!G40 -> 800 | H40: ='상담(여)'!H40 -> 1000 | I40: ='상담(여)'!I40 -> 860 | J40: ='상담(여)'!J40 -> 740 | K40: ='상담(여)'!K40 -> 30 | L40: ='상담(여)'!L40 -> 25 | M40: ='상담(여)'!M40 -> 25 | N40: ='상담(여)'!N40 -> 25 | ... U40: ='상담(여)'!U40 -> 윗몸폐지 농구신설 실기반영비율 증가
A41: ='상담(여)'!A41 -> 경기 | B41: ='상담(여)'!B41 -> 수원대 스포츠과학부 | C41: ='상담(여)'!C41 -> 400 | D41: ='상담(여)'!D41 -> 380 | E41: ='상담(여)'!E41 -> 367 | F41: =C41-D41 -> 20 | G41: ='상담(여)'!G41 -> 600 | H41: ='상담(여)'!H41 -> 1000 | I41: ='상담(여)'!I41 -> 974 | J41: ='상담(여)'!J41 -> 967 | K41: ='상담(여)'!K41 -> 기초 20 축구 13 농구 7 체조 5 | L41: ='상담(여)'!L41 -> 기초 20 축구 13 농구 7 체조 5 | M41: ='상담(여)'!M41 -> 20 | N41: ='상담(여)'!N41 -> 20 | ... U41: ='상담(여)'!U41 -> 기초체력 기준
A42: ='상담(여)'!A42 -> 서울 | B42: ='상담(여)'!B42 -> 숙명여대 체육교육 | C42: ='상담(여)'!C42 -> 400 | D42: ='상담(여)'!D42 -> 380 | E42: ='상담(여)'!E42 -> 354 | F42: =C42-D42 -> 20 | G42: ='상담(여)'!G42 -> 90 | H42: ='상담(여)'!H42 -> 490 | I42: ='상담(여)'!I42 -> 0 | J42: ='상담(여)'!J42 -> 0 | K42: ='상담(여)'!K42 -> 6 | L42: ='상담(여)'!L42 -> 6 | M42: ='상담(여)'!M42 -> 6 | N42: ='상담(여)'!N42 -> 5 | ... U42: ='상담(여)'!U42 -> 2등급 극초반까지 지원 고려
A43: ='상담(여)'!A43 -> 충남 | B43: ='상담(여)'!B43 -> 순천향대 스포츠과학 | C43: ='상담(여)'!C43 -> 300 | D43: ='상담(여)'!D43 -> 276 | E43: ='상담(여)'!E43 -> 252 | F43: =C43-D43 -> 24 | G43: ='상담(여)'!G43 -> 688.33333 | H43: ='상담(여)'!H43 -> 988.33333 | I43: ='상담(여)'!I43 -> 962 | J43: ='상담(여)'!J43 -> 952 | K43: ='상담(여)'!K43 -> 16 | L43: ='상담(여)'!L43 -> 16 | M43: ='상담(여)'!M43 -> 17 | N43: ='상담(여)'!N43 -> 17 | ... U43: ='상담(여)'!U43 -> 윗몸폐지 농구신설(45초)
A44: ='상담(여)'!A44 -> 충남 | B44: ='상담(여)'!B44 -> 순천향대 스포츠의학 | C44: ='상담(여)'!C44 -> 400 | D44: ='상담(여)'!D44 -> 382 | E44: ='상담(여)'!E44 -> 369 | F44: =C44-D44 -> 18 | G44: ='상담(여)'!G44 -> 600 | H44: ='상담(여)'!H44 -> 1000 | I44: ='상담(여)'!I44 -> 976 | J44: ='상담(여)'!J44 -> 969 | K44: ='상담(여)'!K44 -> 13 | L44: ='상담(여)'!L44 -> 13 | M44: ='상담(여)'!M44 -> 12 | N44: ='상담(여)'!N44 -> 15 | ... U44: ='상담(여)'!U44 -> .
... A47: ='상담(여)'!A47 -> 인천 | B47: ='상담(여)'!B47 -> 안양대 스포츠응용산업 | C47: ='상담(여)'!C47 -> 368 | D47: ='상담(여)'!D47 -> 0 | E47: ='상담(여)'!E47 -> 0 | F47: =C47-D47 -> 368 | G47: ='상담(여)'!G47 -> 600 | H47: ='상담(여)'!H47 -> 968 | I47: ='상담(여)'!I47 -> 800 | J47: ='상담(여)'!J47 -> 730 | K47: ='상담(여)'!K47 -> 일반학생선발 | L47: ='상담(여)'!L47 -> 4 | M47: ='상담(여)'!M47 -> 16 | N47: ='상담(여)'!N47 -> 0 | ... U47: ='상담(여)'!U47 -> 학과명 변경
A48: ='상담(여)'!A48 -> 인천 | B48: ='상담(여)'!B48 -> 안양대 스포츠자율전공 | C48: ='상담(여)'!C48 -> 0 | D48: ='상담(여)'!D48 -> 322 | E48: ='상담(여)'!E48 -> 250 | F48: =C48-D48 -> -322 | G48: ='상담(여)'!G48 -> 600 | H48: ='상담(여)'!H48 -> 600 | I48: ='상담(여)'!I48 -> 904 | J48: ='상담(여)'!J48 -> 850 | K48: ='상담(여)'!K48 -> 15 | L48: ='상담(여)'!L48 -> 15 | M48: ='상담(여)'!M48 -> 0 | N48: ='상담(여)'!N48 -> 0 | ... T48: ='상담(여)'!T48 -> 0
A49: ='상담(여)'!A49 -> 경기 | B49: ='상담(여)'!B49 -> 용인대 스포츠레저 | C49: ='상담(여)'!C49 -> 198 | D49: ='상담(여)'!D49 -> 138.5 | E49: ='상담(여)'!E49 -> 131 | F49: =C49-D49 -> 59.5 | G49: ='상담(여)'!G49 -> 350 | H49: ='상담(여)'!H49 -> 548 | I49: ='상담(여)'!I49 -> 483.5 | J49: ='상담(여)'!J49 -> 476 | K49: ='상담(여)'!K49 -> 8 | L49: ='상담(여)'!L49 -> 9 | M49: ='상담(여)'!M49 -> 16 | N49: ='상담(여)'!N49 -> 15 | ... U49: ='상담(여)'!U49 -> .
A50: ='상담(여)'!A50 -> 경기 | B50: ='상담(여)'!B50 -> 용인대 특수체육교육 | C50: ='상담(여)'!C50 -> 192 | D50: ='상담(여)'!D50 -> 142.5 | E50: ='상담(여)'!E50 -> 140.7 | F50: =C50-D50 -> 49.5 | G50: ='상담(여)'!G50 -> 350 | H50: ='상담(여)'!H50 -> 542 | I50: ='상담(여)'!I50 -> 492.5 | J50: ='상담(여)'!J50 -> 490.7 | K50: ='상담(여)'!K50 -> 12 | L50: ='상담(여)'!L50 -> 12 | M50: ='상담(여)'!M50 -> 12 | N50: ='상담(여)'!N50 -> 13 | ... U50: ='상담(여)'!U50 -> .
A51: ='상담(여)'!A51 -> 경기 | B51: ='상담(여)'!B51 -> 용인대 체육 | C51: ='상담(여)'!C51 -> 0 | D51: ='상담(여)'!D51 -> 139.5 | E51: ='상담(여)'!E51 -> 137 | F51: =C51-D51 -> -139.5 | G51: ='상담(여)'!G51 -> 350 | H51: ='상담(여)'!H51 -> 350 | I51: ='상담(여)'!I51 -> 484.5 | J51: ='상담(여)'!J51 -> 482 | K51: ='상담(여)'!K51 -> 13 | L51: ='상담(여)'!L51 -> 12 | M51: ='상담(여)'!M51 -> 0 | N51: ='상담(여)'!N51 -> 0 | ... T51: ='상담(여)'!T51 -> 0
A52: ='상담(여)'!A52 -> 전북 | B52: ='상담(여)'!B52 -> 원광대 스포츠과학 | C52: ='상담(여)'!C52 -> 524 | D52: ='상담(여)'!D52 -> 540 | E52: ='상담(여)'!E52 -> 530 | F52: =C52-D52 -> -16 | G52: ='상담(여)'!G52 -> 1000 | H52: ='상담(여)'!H52 -> 1524 | I52: ='상담(여)'!I52 -> 1455 | J52: ='상담(여)'!J52 -> 1354 | K52: ='상담(여)'!K52 -> 45 | L52: ='상담(여)'!L52 -> 45 | M52: ='상담(여)'!M52 -> 53 | N52: ='상담(여)'!N52 -> 53 | ... U52: ='상담(여)'!U52 -> 교과점수 반영 변경 자연 상승발생
A53: ='상담(여)'!A53 -> 전북 | B53: ='상담(여)'!B53 -> 원광대 체육교육 | C53: ='상담(여)'!C53 -> 582 | D53: ='상담(여)'!D53 -> 582.5 | E53: ='상담(여)'!E53 -> 530 | F53: =C53-D53 -> -0.5 | G53: ='상담(여)'!G53 -> 1000 | H53: ='상담(여)'!H53 -> 1582 | I53: ='상담(여)'!I53 -> 1450 | J53: ='상담(여)'!J53 -> 1250 | K53: ='상담(여)'!K53 -> 18 | L53: ='상담(여)'!L53 -> 18 | M53: ='상담(여)'!M53 -> 18 | N53: ='상담(여)'!N53 -> 18 | ... U53: ='상담(여)'!U53 -> 교과점수 반영 변경 자연 상승발생
A54: ='상담(여)'!A54 -> 경기 | B54: ='상담(여)'!B54 -> 을지대 스포츠아웃도어 | C54: ='상담(여)'!C54 -> 300 | D54: ='상담(여)'!D54 -> 255.7 | E54: ='상담(여)'!E54 -> 185.1 | F54: =C54-D54 -> 44.3 | G54: ='상담(여)'!G54 -> 700 | H54: ='상담(여)'!H54 -> 1000 | I54: ='상담(여)'!I54 -> 916 | J54: ='상담(여)'!J54 -> 892 | K54: ='상담(여)'!K54 -> - | L54: ='상담(여)'!L54 -> 0 | M54: ='상담(여)'!M54 -> 25 | N54: ='상담(여)'!N54 -> 27 | ... U54: ='상담(여)'!U54 -> 폐지
A55: ='상담(여)'!A55 -> 인천 | B55: ='상담(여)'!B55 -> 인천대 운동건강 | C55: ='상담(여)'!C55 -> 200 | D55: ='상담(여)'!D55 -> 194.6 | E55: ='상담(여)'!E55 -> 190.1 | F55: =C55-D55 -> 5.4 | G55: ='상담(여)'!G55 -> 200 | H55: ='상담(여)'!H55 -> 400 | I55: ='상담(여)'!I55 -> 487.6 | J55: ='상담(여)'!J55 -> 483.1 | K55: ='상담(여)'!K55 -> 20 | L55: ='상담(여)'!L55 -> 20 | M55: ='상담(여)'!M55 -> 20 | N55: ='상담(여)'!N55 -> 24 | ... U55: ='상담(여)'!U55 -> .
A56: ='상담(여)'!A56 -> 인천 | B56: ='상담(여)'!B56 -> 인천대 스포츠과학 | C56: ='상담(여)'!C56 -> 200 | D56: ='상담(여)'!D56 -> 195.4 | E56: ='상담(여)'!E56 -> 192.1 | F56: =C56-D56 -> 4.6 | G56: ='상담(여)'!G56 -> 300 | H56: ='상담(여)'!H56 -> 500 | I56: ='상담(여)'!I56 -> 488.4 | J56: ='상담(여)'!J56 -> 485.1 | K56: ='상담(여)'!K56 -> 27 | L56: ='상담(여)'!L56 -> 27 | M56: ='상담(여)'!M56 -> 27 | N56: ='상담(여)'!N56 -> 27 | ... U56: ='상담(여)'!U56 -> .
A57: ='상담(여)'!A57 -> 인천 | B57: ='상담(여)'!B57 -> 인천대 체육교육 | C57: ='상담(여)'!C57 -> 200 | D57: ='상담(여)'!D57 -> 198.4 | E57: ='상담(여)'!E57 -> 197.1 | F57: =C57-D57 -> 1.6 | G57: ='상담(여)'!G57 -> 300 | H57: ='상담(여)'!H57 -> 500 | I57: ='상담(여)'!I57 -> 395.4 | J57: ='상담(여)'!J57 -> 392.4 | K57: ='상담(여)'!K57 -> 8 | L57: ='상담(여)'!L57 -> 7 | M57: ='상담(여)'!M57 -> 7 | N57: ='상담(여)'!N57 -> 6 | ... U57: ='상담(여)'!U57 -> 턱걸이,매달리기 폐지 매던 신설
A58: ='상담(여)'!A58 -> 충남 | B58: ='상담(여)'!B58 -> 중부대 스포츠재활복지 | C58: ='상담(여)'!C58 -> 260 | D58: ='상담(여)'!D58 -> 235 | E58: ='상담(여)'!E58 -> 160 | F58: =C58-D58 -> 25 | G58: ='상담(여)'!G58 -> 700 | H58: ='상담(여)'!H58 -> 960 | I58: ='상담(여)'!I58 -> 882 | J58: ='상담(여)'!J58 -> 836 | K58: ='상담(여)'!K58 -> 10 | L58: ='상담(여)'!L58 -> 10 | M58: ='상담(여)'!M58 -> 26 | N58: ='상담(여)'!N58 -> 22 | ... U58: ='상담(여)'!U58 -> 경쟁률과 컷라인 민감
A59: ='상담(여)'!A59 -> 충남 | B59: ='상담(여)'!B59 -> 중부대 스포츠건강관리 | C59: ='상담(여)'!C59 -> 270 | D59: ='상담(여)'!D59 -> 220 | E59: ='상담(여)'!E59 -> 160 | F59: =C59-D59 -> 50 | G59: ='상담(여)'!G59 -> 700 | H59: ='상담(여)'!H59 -> 970 | I59: ='상담(여)'!I59 -> 848 | J59: ='상담(여)'!J59 -> 808 | K59: ='상담(여)'!K59 -> 12 | L59: ='상담(여)'!L59 -> 10 | M59: ='상담(여)'!M59 -> 21 | N59: ='상담(여)'!N59 -> 25 | ... U59: ='상담(여)'!U59 -> 경쟁률과 컷라인 민감
A60: ='상담(여)'!A60 -> 경기 | B60: ='상담(여)'!B60 -> 중부대 특수체육교육 | C60: ='상담(여)'!C60 -> 288 | D60: ='상담(여)'!D60 -> 280 | E60: ='상담(여)'!E60 -> 225 | F60: =C60-D60 -> 8 | G60: ='상담(여)'!G60 -> 700 | H60: ='상담(여)'!H60 -> 988 | I60: ='상담(여)'!I60 -> 955 | J60: ='상담(여)'!J60 -> 925 | K60: ='상담(여)'!K60 -> 18 | L60: ='상담(여)'!L60 -> 18 | M60: ='상담(여)'!M60 -> 18 | N60: ='상담(여)'!N60 -> 18 | ... U60: ='상담(여)'!U60 -> .
A61: ='상담(여)'!A61 -> 충북 | B61: ='상담(여)'!B61 -> 중원대 스포츠경영학부 | C61: ='상담(여)'!C61 -> 180 | D61: ='상담(여)'!D61 -> 134 | E61: ='상담(여)'!E61 -> 104 | F61: =C61-D61 -> 46 | G61: ='상담(여)'!G61 -> 800 | H61: ='상담(여)'!H61 -> 980 | I61: ='상담(여)'!I61 -> 0 | J61: ='상담(여)'!J61 -> 0 | K61: ='상담(여)'!K61 -> - | L61: ='상담(여)'!L61 -> 19 | M61: ='상담(여)'!M61 -> 15 | N61: ='상담(여)'!N61 -> 15 | ... U61: ='상담(여)'!U61 -> 미선발
A62: ='상담(여)'!A62 -> 충북 | B62: ='상담(여)'!B62 -> 한국교통대 스포츠의학 | C62: ='상담(여)'!C62 -> 590 | D62: ='상담(여)'!D62 -> 561 | E62: ='상담(여)'!E62 -> 500 | F62: =C62-D62 -> 29 | G62: ='상담(여)'!G62 -> 400 | H62: ='상담(여)'!H62 -> 990 | I62: ='상담(여)'!I62 -> 931 | J62: ='상담(여)'!J62 -> 900 | K62: ='상담(여)'!K62 -> 13 | L62: ='상담(여)'!L62 -> 13 | M62: ='상담(여)'!M62 -> 13 | N62: ='상담(여)'!N62 -> 27 | ... U62: ='상담(여)'!U62 -> .
A63: ='상담(여)'!A63 -> 충북 | B63: ='상담(여)'!B63 -> 한국교통대 스포츠산업 | C63: ='상담(여)'!C63 -> 260 | D63: ='상담(여)'!D63 -> 232 | E63: ='상담(여)'!E63 -> 195 | F63: =C63-D63 -> 28 | G63: ='상담(여)'!G63 -> 700 | H63: ='상담(여)'!H63 -> 960 | I63: ='상담(여)'!I63 -> 897 | J63: ='상담(여)'!J63 -> 875 | K63: ='상담(여)'!K63 -> 10 | L63: ='상담(여)'!L63 -> 10 | M63: ='상담(여)'!M63 -> 11 | N63: ='상담(여)'!N63 -> _ | ... U63: ='상담(여)'!U63 -> .
... A69: ='상담(여)'!A69 -> 충남 | B69: ='상담(여)'!B69 -> 호서대 사회체육 | C69: ='상담(여)'!C69 -> 190 | D69: ='상담(여)'!D69 -> 156 | E69: ='상담(여)'!E69 -> 124 | F69: =C69-D69 -> 34 | G69: ='상담(여)'!G69 -> 800 | H69: ='상담(여)'!H69 -> 990 | I69: ='상담(여)'!I69 -> 940 | J69: ='상담(여)'!J69 -> 924 | K69: ='상담(여)'!K69 -> 19 | L69: ='상담(여)'!L69 -> 19 | M69: ='상담(여)'!M69 -> 19 | N69: ='상담(여)'!N69 -> 19 | ... U69: ='상담(여)'!U69 -> 경쟁률과 컷라인 민감
A70: ='상담(여)'!A71 -> 서울 | B70: ='상담(여)'!B71 -> 한국체대 노인체육복지 | C70: ='상담(여)'!C71 -> 800 | D70: ='상담(여)'!D71 -> 991.03 | E70: ='상담(여)'!E71 -> 989.5 | F70: =C70-D70 -> -191.03 | G70: ='상담(여)'!G71 -> 200 | I70: ='상담(여)'!I71 -> 173.68 | J70: ='상담(여)'!J71 -> 157.89 | K70: ='상담(여)'!K71 -> 7 | L70: ='상담(여)'!L71 -> 7 | M70: ='상담(여)'!M71 -> 7 | N70: ='상담(여)'!N71 -> 7 | O70: ='상담(여)'!O71 -> 0 | P70: ='상담(여)'!P71 -> 0 | ... U70: ='상담(여)'!U71 -> .
A71: ='상담(여)'!A72 -> 서울 | B71: ='상담(여)'!B72 -> 한국체대 스포츠산업 | C71: ='상담(여)'!C72 -> 1000 | D71: ='상담(여)'!D72 -> 991.2 | E71: ='상담(여)'!E72 -> 989.4 | F71: =C71-D71 -> 8.8 | G71: ='상담(여)'!G72 -> 300 | I71: ='상담(여)'!I72 -> 175.96 | J71: ='상담(여)'!J72 -> 157.02 | K71: ='상담(여)'!K72 -> 5 | L71: ='상담(여)'!L72 -> 10 | M71: ='상담(여)'!M72 -> 10 | N71: ='상담(여)'!N72 -> 7 | O71: ='상담(여)'!O72 -> 3 | P71: ='상담(여)'!P72 -> 1 | ... U71: ='상담(여)'!U72 -> .
A72: ='상담(여)'!A73 -> 서울 | B72: ='상담(여)'!B73 -> 한국체대 사회체육 | C72: ='상담(여)'!C73 -> 1000 | D72: ='상담(여)'!D73 -> 990.32 | E72: ='상담(여)'!E73 -> 988.85 | F72: =C72-D72 -> 9.68 | G72: ='상담(여)'!G73 -> 400 | I72: ='상담(여)'!I73 -> 355.95 | J72: ='상담(여)'!J73 -> 311.18 | K72: ='상담(여)'!K73 -> 10 | L72: ='상담(여)'!L73 -> 5 | M72: ='상담(여)'!M73 -> 5 | N72: ='상담(여)'!N73 -> 7 | O72: ='상담(여)'!O73 -> 0 | P72: ='상담(여)'!P73 -> 2 | ... U72: ='상담(여)'!U73 -> .
A73: ='상담(여)'!A74 -> 서울 | B73: ='상담(여)'!B74 -> 한국체대 스포츠청소년지도 | C73: ='상담(여)'!C74 -> 999 | D73: ='상담(여)'!D74 -> 991.45 | E73: ='상담(여)'!E74 -> 990.15 | F73: =C73-D73 -> 7.55 | G73: ='상담(여)'!G74 -> 200 | I73: ='상담(여)'!I74 -> 169.86 | J73: ='상담(여)'!J74 -> 145.62 | K73: ='상담(여)'!K74 -> 11 | L73: ='상담(여)'!L74 -> 11 | M73: ='상담(여)'!M74 -> 11 | N73: ='상담(여)'!N74 -> 7 | O73: ='상담(여)'!O74 -> 5 | P73: ='상담(여)'!P74 -> 0 | ... U73: ='상담(여)'!U74 -> .
A74: ='상담(여)'!A75 -> 서울 | B74: ='상담(여)'!B75 -> 한국체대 운동건강 | C74: ='상담(여)'!C75 -> 990 | D74: ='상담(여)'!D75 -> 995.31 | E74: ='상담(여)'!E75 -> 992.85 | F74: =C74-D74 -> -5.31 | G74: ='상담(여)'!G75 -> 300 | I74: ='상담(여)'!I75 -> 261.95 | J74: ='상담(여)'!J75 -> 242.11 | K74: ='상담(여)'!K75 -> 5 | L74: ='상담(여)'!L75 -> 10 | M74: ='상담(여)'!M75 -> 10 | N74: ='상담(여)'!N75 -> 7 | O74: ='상담(여)'!O75 -> 1 | P74: ='상담(여)'!P75 -> 0 | ... U74: ='상담(여)'!U75 -> .
A75: ='상담(여)'!A76 -> 서울 | B75: ='상담(여)'!B76 -> 한국체대 특수체육교육 | C75: ='상담(여)'!C76 -> 989 | D75: ='상담(여)'!D76 -> 994.61 | E75: ='상담(여)'!E76 -> 992.4 | F75: =C75-D75 -> -5.61 | G75: ='상담(여)'!G76 -> 300 | I75: ='상담(여)'!I76 -> 253.05 | J75: ='상담(여)'!J76 -> 226.32 | K75: ='상담(여)'!K76 -> 19 | L75: ='상담(여)'!L76 -> 19 | M75: ='상담(여)'!M76 -> 19 | N75: ='상담(여)'!N76 -> 7 | O75: ='상담(여)'!O76 -> 6 | P75: ='상담(여)'!P76 -> 4 | ... U75: ='상담(여)'!U76 -> 면접 중요

Sheet 상담(남)
C2: 상담학생 | E2: ='학생상담(남)'!E2 -> 황규훈
A4: 지역 | B4: 대학명 | C4: 내신환산점수 | D4: 합격자 평균점수 | E4: 실기상위권 지원점수 | F4: 내신환산점 과부족 | G4: 내실기점수 | H4: 내총점수 | I4: 안정점수 | J4: 기대점수 | K4: 2026 모집정원 | L4: 2025 모집정원 | M4: 2024 모집정원 | N4: 2023 모집정원 | O4: 2025 충원합격 | P4: 2024 충원합격 | Q4: 2023 충원합격 | R4: 2022 충원합격 | S4: 2025 경쟁률 | T4: 2024 경쟁률 | U4: 참고사항
A5: 경기 | B5: =대학별점수!B3 -> 가천대 체육 | C5: ='내신(남)'!B4 -> 300 | D5: =VLOOKUP(B5,대학별점수!$B$3:$C$74,2,FALSE) -> 294 | E5: =VLOOKUP(B5,대학별점수!$B$3:$D$74,3,FALSE) -> 273 | F5: =C5-D5 -> 6 | G5: ='실기환산(남)'!C2 -> 700 | H5: =C5+G5 -> 1000 | I5: =VLOOKUP(B5,대학별점수!$B$3:$M$74,4,0) -> 984 | J5: =VLOOKUP(B5,대학별점수!$B$3:$M$74,5,0) -> 973 | K5: =VLOOKUP(B5,대학별점수!$B$3:$T$73,6,0) -> 40 | L5: =VLOOKUP(B5,대학별점수!$B$3:$M$74,7,0) -> 40 | M5: =VLOOKUP(B5,대학별점수!$B$3:$M$74,8,0) -> 30 | N5: =VLOOKUP(B5,대학별점수!$B$3:$M$74,9,0) -> 20 | O5: =VLOOKUP(B5,대학별점수!$B$3:$T$73,19,0) -> 20 | P5: =VLOOKUP(B5,대학별점수!$B$3:$V$74,18,0) -> 37 | Q5: =VLOOKUP(B5,대학별점수!$B$3:$V$74,17,0) -> 3 | R5: =VLOOKUP(B5,대학별점수!$B$3:$V$74,16,0) -> 3 | S5: =VLOOKUP(B5,대학별점수!$B$3:$V$74,20,0) -> 49.18 | T5: =VLOOKUP(B5,대학별점수!$B$3:$V$74,21,0) -> 66.7 | U5: .
A6: 강원 | B6: =대학별점수!B4 -> 가톨릭관동대 체육교육 | C6: ='내신(남)'!B5 -> 700 | D6: =VLOOKUP(B6,대학별점수!$B$3:$C$74,2,FALSE) -> 661 | E6: =VLOOKUP(B6,대학별점수!$B$3:$D$74,3,FALSE) -> 621 | F6: =C6-D6 -> 39 | G6: ='실기환산(남)'!D2 -> 300 | H6: =C6+G6 -> 1000 | I6: =VLOOKUP(B6,대학별점수!$B$3:$M$74,4,0) -> 945 | J6: =VLOOKUP(B6,대학별점수!$B$3:$M$74,5,0) -> 921 | K6: =VLOOKUP(B6,대학별점수!$B$3:$T$73,6,0) -> 20 | L6: =VLOOKUP(B6,대학별점수!$B$3:$M$74,7,0) -> 20 | M6: =VLOOKUP(B6,대학별점수!$B$3:$M$74,8,0) -> 20 | N6: =VLOOKUP(B6,대학별점수!$B$3:$M$74,9,0) -> 20 | O6: =VLOOKUP(B6,대학별점수!$B$3:$T$73,19,0) -> 20 | P6: =VLOOKUP(B6,대학별점수!$B$3:$V$74,18,0) -> 27 | Q6: =VLOOKUP(B6,대학별점수!$B$3:$V$74,17,0) -> 32 | R6: =VLOOKUP(B6,대학별점수!$B$3:$V$74,16,0) -> 34 | S6: =VLOOKUP(B6,대학별점수!$B$3:$V$74,20,0) -> 8.05 | T6: =VLOOKUP(B6,대학별점수!$B$3:$V$74,21,0) -> 6.45 | U6: 내신8과목에서 12과목 반영
A7: 강원 | B7: =대학별점수!B5 -> 가톨릭관동대 스포츠레저 | C7: ='내신(남)'!B6 -> 600 | D7: =VLOOKUP(B7,대학별점수!$B$3:$C$74,2,FALSE) -> 485 | E7: =VLOOKUP(B7,대학별점수!$B$3:$D$74,3,FALSE) -> 414 | F7: =C7-D7 -> 115 | G7: ='실기환산(남)'!E2 -> 400 | H7: =C7+G7 -> 1000 | I7: =VLOOKUP(B7,대학별점수!$B$3:$M$74,4,0) -> 835 | J7: =VLOOKUP(B7,대학별점수!$B$3:$M$74,5,0) -> 814 | K7: =VLOOKUP(B7,대학별점수!$B$3:$T$73,6,0) -> 41 | L7: =VLOOKUP(B7,대학별점수!$B$3:$M$74,7,0) -> 40 | M7: =VLOOKUP(B7,대학별점수!$B$3:$M$74,8,0) -> 40 | N7: =VLOOKUP(B7,대학별점수!$B$3:$M$74,9,0) -> 96 | O7: =VLOOKUP(B7,대학별점수!$B$3:$T$73,19,0) -> 59 | P7: =VLOOKUP(B7,대학별점수!$B$3:$V$74,18,0) -> 7 | Q7: =VLOOKUP(B7,대학별점수!$B$3:$V$74,17,0) -> _ | R7: =VLOOKUP(B7,대학별점수!$B$3:$V$74,16,0) -> 64 | S7: =VLOOKUP(B7,대학별점수!$B$3:$V$74,20,0) -> 2.68 | T7: =VLOOKUP(B7,대학별점수!$B$3:$V$74,21,0) -> 1.3 | U7: 내신8과목에서 12과목 반영
A8: 강원 | B8: =대학별점수!B6 -> 가톨릭관동대 스포츠재활의학 | C8: ='내신(남)'!B7 -> 600 | D8: =VLOOKUP(B8,대학별점수!$B$3:$C$74,2,FALSE) -> 500 | E8: =VLOOKUP(B8,대학별점수!$B$3:$D$74,3,FALSE) -> 455 | F8: =C8-D8 -> 100 | G8: ='실기환산(남)'!F2 -> 400 | H8: =C8+G8 -> 1000 | I8: =VLOOKUP(B8,대학별점수!$B$3:$M$74,4,0) -> 878 | J8: =VLOOKUP(B8,대학별점수!$B$3:$M$74,5,0) -> 855 | K8: =VLOOKUP(B8,대학별점수!$B$3:$T$73,6,0) -> 40 | L8: =VLOOKUP(B8,대학별점수!$B$3:$M$74,7,0) -> 40 | M8: =VLOOKUP(B8,대학별점수!$B$3:$M$74,8,0) -> 31 | N8: =VLOOKUP(B8,대학별점수!$B$3:$M$74,9,0) -> 0 | O8: =VLOOKUP(B8,대학별점수!$B$3:$T$73,19,0) -> 46 | P8: =VLOOKUP(B8,대학별점수!$B$3:$V$74,18,0) -> 49 | Q8: =VLOOKUP(B8,대학별점수!$B$3:$V$74,17,0) -> _ | R8: =VLOOKUP(B8,대학별점수!$B$3:$V$74,16,0) -> 57 | S8: =VLOOKUP(B8,대학별점수!$B$3:$V$74,20,0) -> 5.28 | T8: =VLOOKUP(B8,대학별점수!$B$3:$V$74,21,0) -> 3.6 | U8: 실기만점기준 상향 조정
A9: 경기 | B9: =대학별점수!B7 -> 강남대 체육 | C9: ='내신(남)'!B8 -> 300 | D9: =VLOOKUP(B9,대학별점수!$B$3:$C$74,2,FALSE) -> 291 | E9: =VLOOKUP(B9,대학별점수!$B$3:$D$74,3,FALSE) -> 271 | F9: =C9-D9 -> 9 | G9: ='실기환산(남)'!G2 -> 676 | H9: =C9+G9 -> 976 | I9: =VLOOKUP(B9,대학별점수!$B$3:$M$74,4,0) -> 979 | J9: =VLOOKUP(B9,대학별점수!$B$3:$M$74,5,0) -> 971 | K9: =VLOOKUP(B9,대학별점수!$B$3:$T$73,6,0) -> 29 | L9: =VLOOKUP(B9,대학별점수!$B$3:$M$74,7,0) -> 29 | M9: =VLOOKUP(B9,대학별점수!$B$3:$M$74,8,0) -> 29 | N9: =VLOOKUP(B9,대학별점수!$B$3:$M$74,9,0) -> 29 | O9: =VLOOKUP(B9,대학별점수!$B$3:$T$73,19,0) -> 36 | P9: =VLOOKUP(B9,대학별점수!$B$3:$V$74,18,0) -> 38 | Q9: =VLOOKUP(B9,대학별점수!$B$3:$V$74,17,0) -> 38 | R9: =VLOOKUP(B9,대학별점수!$B$3:$V$74,16,0) -> 19 | S9: =VLOOKUP(B9,대학별점수!$B$3:$V$74,20,0) -> 23.62 | T9: =VLOOKUP(B9,대학별점수!$B$3:$V$74,21,0) -> 16.79 | U9: 내신반영변경,실기급간점수 변경
A10: 충북 | B10: =대학별점수!B8 -> 건국대(글) 스포츠건강 | C10: ='내신(남)'!B9 -> 200 | D10: =VLOOKUP(B10,대학별점수!$B$3:$C$74,2,FALSE) -> 165 | E10: =VLOOKUP(B10,대학별점수!$B$3:$D$74,3,FALSE) -> 121 | F10: =C10-D10 -> 35 | G10: ='실기환산(남)'!H2 -> 520 | H10: =C10+G10 -> 720 | I10: =VLOOKUP(B10,대학별점수!$B$3:$M$74,4,0) -> 951 | J10: =VLOOKUP(B10,대학별점수!$B$3:$M$74,5,0) -> 921 | K10: =VLOOKUP(B10,대학별점수!$B$3:$T$73,6,0) -> 20 | L10: =VLOOKUP(B10,대학별점수!$B$3:$M$74,7,0) -> 20 | M10: =VLOOKUP(B10,대학별점수!$B$3:$M$74,8,0) -> 22 | N10: =VLOOKUP(B10,대학별점수!$B$3:$M$74,9,0) -> 18 | O10: =VLOOKUP(B10,대학별점수!$B$3:$T$73,19,0) -> 15 | P10: =VLOOKUP(B10,대학별점수!$B$3:$V$74,18,0) -> 15 | Q10: =VLOOKUP(B10,대학별점수!$B$3:$V$74,17,0) -> 9 | R10: =VLOOKUP(B10,대학별점수!$B$3:$V$74,16,0) -> 8 | S10: =VLOOKUP(B10,대학별점수!$B$3:$V$74,20,0) -> 28.35 | T10: =VLOOKUP(B10,대학별점수!$B$3:$V$74,21,0) -> 17.09 | U10: 여자제멀, 남녀 농구 만점상향 조정
A11: 경기 | B11: =대학별점수!B9 -> 경기대 스포츠과학 | C11: ='내신(남)'!B10 -> 39 | D11: =VLOOKUP(B11,대학별점수!$B$3:$C$74,2,FALSE) -> 29.49 | E11: =VLOOKUP(B11,대학별점수!$B$3:$D$74,3,FALSE) -> 29.17 | F11: =C11-D11 -> 9.51 | G11: ='실기환산(남)'!I2 -> 70 | H11: =C11+G11 -> 109 | I11: =VLOOKUP(B11,대학별점수!$B$3:$M$74,4,0) -> 99.3 | J11: =VLOOKUP(B11,대학별점수!$B$3:$M$74,5,0) -> 99.17 | K11: =VLOOKUP(B11,대학별점수!$B$3:$T$73,6,0) -> 19 | L11: =VLOOKUP(B11,대학별점수!$B$3:$M$74,7,0) -> 10 | M11: =VLOOKUP(B11,대학별점수!$B$3:$M$74,8,0) -> 10 | N11: =VLOOKUP(B11,대학별점수!$B$3:$M$74,9,0) -> 10 | O11: =VLOOKUP(B11,대학별점수!$B$3:$T$73,19,0) -> 13 | P11: =VLOOKUP(B11,대학별점수!$B$3:$V$74,18,0) -> 4 | Q11: =VLOOKUP(B11,대학별점수!$B$3:$V$74,17,0) -> 15 | R11: =VLOOKUP(B11,대학별점수!$B$3:$V$74,16,0) -> 23신설 | S11: =VLOOKUP(B11,대학별점수!$B$3:$V$74,20,0) -> 62.00 | T11: =VLOOKUP(B11,대학별점수!$B$3:$V$74,21,0) -> 20.1 | U11: 만점기준 강화 실기반영(10%) 증가
A12: 경기 | B12: =대학별점수!B10 -> 경기대 체육 | C12: ='내신(남)'!B11 -> 39 | D12: =VLOOKUP(B12,대학별점수!$B$3:$C$74,2,FALSE) -> 0 | E12: =VLOOKUP(B12,대학별점수!$B$3:$D$74,3,FALSE) -> 0 | F12: =C12-D12 -> 39 | G12: ='실기환산(남)'!J2 -> 60 | H12: =C12+G12 -> 99 | I12: =VLOOKUP(B12,대학별점수!$B$3:$M$74,4,0) -> 0 | J12: =VLOOKUP(B12,대학별점수!$B$3:$M$74,5,0) -> 0 | K12: =VLOOKUP(B12,대학별점수!$B$3:$T$73,6,0) -> 미선발 | L12: =VLOOKUP(B12,대학별점수!$B$3:$M$74,7,0) -> 0 | M12: =VLOOKUP(B12,대학별점수!$B$3:$M$74,8,0) -> 5 | N12: =VLOOKUP(B12,대학별점수!$B$3:$M$74,9,0) -> 5 | O12: =VLOOKUP(B12,대학별점수!$B$3:$T$73,19,0) -> 미선발 | P12: =VLOOKUP(B12,대학별점수!$B$3:$V$74,18,0) -> 3 | Q12: =VLOOKUP(B12,대학별점수!$B$3:$V$74,17,0) -> 3 | R12: =VLOOKUP(B12,대학별점수!$B$3:$V$74,16,0) -> 23신설 | S12: =VLOOKUP(B12,대학별점수!$B$3:$V$74,20,0) -> 0 | T12: =VLOOKUP(B12,대학별점수!$B$3:$V$74,21,0) -> 9.0 | U12: 수시 폐지 2027 모집정원 전원 수시선발
A13: 충북 | B13: =대학별점수!B11 -> 극동대 스포츠재활 | C13: ='내신(남)'!B12 -> 200 | D13: =VLOOKUP(B13,대학별점수!$B$3:$C$74,2,FALSE) -> 160 | E13: =VLOOKUP(B13,대학별점수!$B$3:$D$74,3,FALSE) -> 116 | F13: =C13-D13 -> 40 | G13: ='실기환산(남)'!K2 -> 800 | H13: =C13+G13 -> 1000 | I13: =VLOOKUP(B13,대학별점수!$B$3:$M$74,4,0) -> 920 | J13: =VLOOKUP(B13,대학별점수!$B$3:$M$74,5,0) -> 889.33 | K13: =VLOOKUP(B13,대학별점수!$B$3:$T$73,6,0) -> 29 | L13: =VLOOKUP(B13,대학별점수!$B$3:$M$74,7,0) -> 16 | M13: =VLOOKUP(B13,대학별점수!$B$3:$M$74,8,0) -> 26 | N13: =VLOOKUP(B13,대학별점수!$B$3:$M$74,9,0) -> 30 | O13: =VLOOKUP(B13,대학별점수!$B$3:$T$73,19,0) -> 1 | P13: =VLOOKUP(B13,대학별점수!$B$3:$V$74,18,0) -> 미달 | Q13: =VLOOKUP(B13,대학별점수!$B$3:$V$74,17,0) -> _ | R13: =VLOOKUP(B13,대학별점수!$B$3:$V$74,16,0) -> 12 | S13: =VLOOKUP(B13,대학별점수!$B$3:$V$74,20,0) -> 2.44 | T13: =VLOOKUP(B13,대학별점수!$B$3:$V$74,21,0) -> 0.92 | U13: 실기 4종목 중 3종목 반영/ 경쟁률에 따른 컷라인 예측 불가
A14: 충남 | B14: =대학별점수!B12 -> 나사렛대 재활스포츠 | C14: ='내신(남)'!B13 -> 100 | D14: =VLOOKUP(B14,대학별점수!$B$3:$C$74,2,FALSE) -> 85 | E14: =VLOOKUP(B14,대학별점수!$B$3:$D$74,3,FALSE) -> 72 | F14: =C14-D14 -> 15 | G14: ='실기환산(남)'!L2 -> 900 | H14: =C14+G14 -> 1000 | I14: =VLOOKUP(B14,대학별점수!$B$3:$M$74,4,0) -> 965 | J14: =VLOOKUP(B14,대학별점수!$B$3:$M$74,5,0) -> 923 | K14: =VLOOKUP(B14,대학별점수!$B$3:$T$73,6,0) -> 55 | L14: =VLOOKUP(B14,대학별점수!$B$3:$M$74,7,0) -> 30 | M14: =VLOOKUP(B14,대학별점수!$B$3:$M$74,8,0) -> 30 | N14: =VLOOKUP(B14,대학별점수!$B$3:$M$74,9,0) -> 30 | O14: =VLOOKUP(B14,대학별점수!$B$3:$T$73,19,0) -> 39 | P14: =VLOOKUP(B14,대학별점수!$B$3:$V$74,18,0) -> 48 | Q14: =VLOOKUP(B14,대학별점수!$B$3:$V$74,17,0) -> 26 | R14: =VLOOKUP(B14,대학별점수!$B$3:$V$74,16,0) -> 17 | S14: =VLOOKUP(B14,대학별점수!$B$3:$V$74,20,0) -> 13.20 | T14: =VLOOKUP(B14,대학별점수!$B$3:$V$74,21,0) -> 12.67 | U14: 모집정원 대폭증가 컷라인 내려가라~
A15: 충남 | B15: =대학별점수!B13 -> 남서울대 스포츠건강관리 | C15: ='내신(남)'!B14 -> 258 | D15: =VLOOKUP(B15,대학별점수!$B$3:$C$74,2,FALSE) -> 210 | E15: =VLOOKUP(B15,대학별점수!$B$3:$D$74,3,FALSE) -> 154 | F15: =C15-D15 -> 48 | G15: ='실기환산(남)'!M2 -> 700 | H15: =C15+G15 -> 958 | I15: =VLOOKUP(B15,대학별점수!$B$3:$M$74,4,0) -> 851 | J15: =VLOOKUP(B15,대학별점수!$B$3:$M$74,5,0) -> 805 | K15: =VLOOKUP(B15,대학별점수!$B$3:$T$73,6,0) -> 42 | L15: =VLOOKUP(B15,대학별점수!$B$3:$M$74,7,0) -> 41 | M15: =VLOOKUP(B15,대학별점수!$B$3:$M$74,8,0) -> 36 | N15: =VLOOKUP(B15,대학별점수!$B$3:$M$74,9,0) -> 38 | O15: =VLOOKUP(B15,대학별점수!$B$3:$T$73,19,0) -> 52 | P15: =VLOOKUP(B15,대학별점수!$B$3:$V$74,18,0) -> 86 | Q15: =VLOOKUP(B15,대학별점수!$B$3:$V$74,17,0) -> 100 | R15: =VLOOKUP(B15,대학별점수!$B$3:$V$74,16,0) -> 48 | S15: =VLOOKUP(B15,대학별점수!$B$3:$V$74,20,0) -> 7.76 | T15: =VLOOKUP(B15,대학별점수!$B$3:$V$74,21,0) -> 6.22 | U15: 좌전굴 폐지 매던 신설
A16: 충남 | B16: =대학별점수!B14 -> 남서울대 스포츠비즈니스 | C16: ='내신(남)'!B15 -> 249 | D16: =VLOOKUP(B16,대학별점수!$B$3:$C$74,2,FALSE) -> 210 | E16: =VLOOKUP(B16,대학별점수!$B$3:$D$74,3,FALSE) -> 136 | F16: =C16-D16 -> 39 | G16: ='실기환산(남)'!N2 -> 700 | H16: =C16+G16 -> 949 | I16: =VLOOKUP(B16,대학별점수!$B$3:$M$74,4,0) -> 840 | J16: =VLOOKUP(B16,대학별점수!$B$3:$M$74,5,0) -> 784 | K16: =VLOOKUP(B16,대학별점수!$B$3:$T$73,6,0) -> 42 | L16: =VLOOKUP(B16,대학별점수!$B$3:$M$74,7,0) -> 40 | M16: =VLOOKUP(B16,대학별점수!$B$3:$M$74,8,0) -> 35 | N16: =VLOOKUP(B16,대학별점수!$B$3:$M$74,9,0) -> 38 | O16: =VLOOKUP(B16,대학별점수!$B$3:$T$73,19,0) -> 37 | P16: =VLOOKUP(B16,대학별점수!$B$3:$V$74,18,0) -> 50 | Q16: =VLOOKUP(B16,대학별점수!$B$3:$V$74,17,0) -> 74 | R16: =VLOOKUP(B16,대학별점수!$B$3:$V$74,16,0) -> 43 | S16: =VLOOKUP(B16,대학별점수!$B$3:$V$74,20,0) -> 4.93 | T16: =VLOOKUP(B16,대학별점수!$B$3:$V$74,21,0) -> 4.74 | U16: 3종목 모두 반영으로 총점 하향???
A17: 경기 | B17: =대학별점수!B15 -> 단국대 체육교육 | C17: ='내신(남)'!B17 -> 198 | D17: =VLOOKUP(B17,대학별점수!$B$3:$C$74,2,FALSE) -> 686 | E17: =VLOOKUP(B17,대학별점수!$B$3:$D$74,3,FALSE) -> 668 | F17: =C17-D17 -> -488 | G17: ='실기환산(남)'!O2 -> 270 | H17: =C17+G17 -> 468 | I17: =VLOOKUP(B17,대학별점수!$B$3:$M$74,4,0) -> 982 | J17: =VLOOKUP(B17,대학별점수!$B$3:$M$74,5,0) -> 968 | K17: =VLOOKUP(B17,대학별점수!$B$3:$T$73,6,0) -> 10 | L17: =VLOOKUP(B17,대학별점수!$B$3:$M$74,7,0) -> 10 | M17: =VLOOKUP(B17,대학별점수!$B$3:$M$74,8,0) -> 0 | N17: =VLOOKUP(B17,대학별점수!$B$3:$M$74,9,0) -> 0 | O17: =VLOOKUP(B17,대학별점수!$B$3:$T$73,19,0) -> 2 | P17: =VLOOKUP(B17,대학별점수!$B$3:$V$74,18,0) -> 0 | Q17: =VLOOKUP(B17,대학별점수!$B$3:$V$74,17,0) -> 0 | R17: =VLOOKUP(B17,대학별점수!$B$3:$V$74,16,0) -> 0 | S17: =VLOOKUP(B17,대학별점수!$B$3:$V$74,20,0) -> 42.50 | T17: =VLOOKUP(B17,대학별점수!$B$3:$V$74,21,0) -> 0 | U17: 실기만점이면 도전해야죠
A18: 충남 | B18: =대학별점수!B16 -> 단국대 생활체육 | C18: ='내신(남)'!B17 -> 198 | D18: =VLOOKUP(B18,대학별점수!$B$3:$C$74,2,FALSE) -> 190 | E18: =VLOOKUP(B18,대학별점수!$B$3:$D$74,3,FALSE) -> 180 | F18: =C18-D18 -> 8 | G18: ='실기환산(남)'!P2 -> 800 | H18: =C18+G18 -> 998 | I18: =VLOOKUP(B18,대학별점수!$B$3:$M$74,4,0) -> 990 | J18: =VLOOKUP(B18,대학별점수!$B$3:$M$74,5,0) -> 980 | K18: =VLOOKUP(B18,대학별점수!$B$3:$T$73,6,0) -> 14 | L18: =VLOOKUP(B18,대학별점수!$B$3:$M$74,7,0) -> 14 | M18: =VLOOKUP(B18,대학별점수!$B$3:$M$74,8,0) -> 15 | N18: =VLOOKUP(B18,대학별점수!$B$3:$M$74,9,0) -> 15 | O18: =VLOOKUP(B18,대학별점수!$B$3:$T$73,19,0) -> 12 | P18: =VLOOKUP(B18,대학별점수!$B$3:$V$74,18,0) -> 8 | Q18: =VLOOKUP(B18,대학별점수!$B$3:$V$74,17,0) -> 3 | R18: =VLOOKUP(B18,대학별점수!$B$3:$V$74,16,0) -> 23신설 | S18: =VLOOKUP(B18,대학별점수!$B$3:$V$74,20,0) -> 42.36 | T18: =VLOOKUP(B18,대학별점수!$B$3:$V$74,21,0) -> 34.6 | U18: .
A19: 충남 | B19: =대학별점수!B17 -> 단국대 운동처방재활 | C19: ='내신(남)'!B18 -> 198 | D19: =VLOOKUP(B19,대학별점수!$B$3:$C$74,2,FALSE) -> 194.8 | E19: =VLOOKUP(B19,대학별점수!$B$3:$D$74,3,FALSE) -> 192.2 | F19: =C19-D19 -> 3.2 | G19: ='실기환산(남)'!Q2 -> 800 | H19: =C19+G19 -> 998 | I19: =VLOOKUP(B19,대학별점수!$B$3:$M$74,4,0) -> 0 | J19: =VLOOKUP(B19,대학별점수!$B$3:$M$74,5,0) -> 0 | K19: =VLOOKUP(B19,대학별점수!$B$3:$T$73,6,0) -> 미선발 | L19: =VLOOKUP(B19,대학별점수!$B$3:$M$74,7,0) -> 5 | M19: =VLOOKUP(B19,대학별점수!$B$3:$M$74,8,0) -> 5 | N19: =VLOOKUP(B19,대학별점수!$B$3:$M$74,9,0) -> 6 | O19: =VLOOKUP(B19,대학별점수!$B$3:$T$73,19,0) -> 5 | P19: =VLOOKUP(B19,대학별점수!$B$3:$V$74,18,0) -> 4 | Q19: =VLOOKUP(B19,대학별점수!$B$3:$V$74,17,0) -> 1 | R19: =VLOOKUP(B19,대학별점수!$B$3:$V$74,16,0) -> 23신설 | S19: =VLOOKUP(B19,대학별점수!$B$3:$V$74,20,0) -> 36.20 | T19: =VLOOKUP(B19,대학별점수!$B$3:$V$74,21,0) -> 27.4 | U19: 실기전형 미선발/교과전형 선발
A20: 대전 | B20: =대학별점수!B18 -> 대전대 스포츠건강재활 | C20: ='내신(남)'!B19 -> 400 | D20: =VLOOKUP(B20,대학별점수!$B$3:$C$74,2,FALSE) -> 352 | E20: =VLOOKUP(B20,대학별점수!$B$3:$D$74,3,FALSE) -> 330 | F20: =C20-D20 -> 48 | G20: ='실기환산(남)'!R2 -> 585 | H20: =C20+G20 -> 985 | I20: =VLOOKUP(B20,대학별점수!$B$3:$M$74,4,0) -> 942 | J20: =VLOOKUP(B20,대학별점수!$B$3:$M$74,5,0) -> 930 | K20: =VLOOKUP(B20,대학별점수!$B$3:$T$73,6,0) -> 27 | L20: =VLOOKUP(B20,대학별점수!$B$3:$M$74,7,0) -> 25 | M20: =VLOOKUP(B20,대학별점수!$B$3:$M$74,8,0) -> 25 | N20: =VLOOKUP(B20,대학별점수!$B$3:$M$74,9,0) -> 25 | O20: =VLOOKUP(B20,대학별점수!$B$3:$T$73,19,0) -> 28 | P20: =VLOOKUP(B20,대학별점수!$B$3:$V$74,18,0) -> 37 | Q20: =VLOOKUP(B20,대학별점수!$B$3:$V$74,17,0) -> 54 | R20: =VLOOKUP(B20,대학별점수!$B$3:$V$74,16,0) -> 42 | S20: =VLOOKUP(B20,대학별점수!$B$3:$V$74,20,0) -> 8.88 | T20: =VLOOKUP(B20,대학별점수!$B$3:$V$74,21,0) -> 7.96 | U20: .
A21: 대전 | B21: =대학별점수!B19 -> 대전대 스포츠운동과학 | C21: ='내신(남)'!B20 -> 400 | D21: =VLOOKUP(B21,대학별점수!$B$3:$C$74,2,FALSE) -> 348 | E21: =VLOOKUP(B21,대학별점수!$B$3:$D$74,3,FALSE) -> 320 | F21: =C21-D21 -> 52 | G21: ='실기환산(남)'!S2 -> 585 | H21: =C21+G21 -> 985 | I21: =VLOOKUP(B21,대학별점수!$B$3:$M$74,4,0) -> 938 | J21: =VLOOKUP(B21,대학별점수!$B$3:$M$74,5,0) -> 920 | K21: =VLOOKUP(B21,대학별점수!$B$3:$T$73,6,0) -> 32 | L21: =VLOOKUP(B21,대학별점수!$B$3:$M$74,7,0) -> 32 | M21: =VLOOKUP(B21,대학별점수!$B$3:$M$74,8,0) -> 23 | N21: =VLOOKUP(B21,대학별점수!$B$3:$M$74,9,0) -> 20 | O21: =VLOOKUP(B21,대학별점수!$B$3:$T$73,19,0) -> 22 | P21: =VLOOKUP(B21,대학별점수!$B$3:$V$74,18,0) -> 35 | Q21: =VLOOKUP(B21,대학별점수!$B$3:$V$74,17,0) -> 30 | R21: =VLOOKUP(B21,대학별점수!$B$3:$V$74,16,0) -> 37 | S21: =VLOOKUP(B21,대학별점수!$B$3:$V$74,20,0) -> 3.81 | T21: =VLOOKUP(B21,대학별점수!$B$3:$V$74,21,0) -> 4.52 | U21: .
A22: 경기 | B22: =대학별점수!B20 -> 대진대 스포츠겅강과학 | C22: ='내신(남)'!B21 -> 200 | D22: =VLOOKUP(B22,대학별점수!$B$3:$C$74,2,FALSE) -> 184 | E22: =VLOOKUP(B22,대학별점수!$B$3:$D$74,3,FALSE) -> 179.3 | F22: =C22-D22 -> 16 | G22: ='실기환산(남)'!T2 -> 800 | H22: =C22+G22 -> 1000 | I22: =VLOOKUP(B22,대학별점수!$B$3:$M$74,4,0) -> 984 | J22: =VLOOKUP(B22,대학별점수!$B$3:$M$74,5,0) -> 979.3 | K22: =VLOOKUP(B22,대학별점수!$B$3:$T$73,6,0) -> 25 | L22: =VLOOKUP(B22,대학별점수!$B$3:$M$74,7,0) -> 25 | M22: =VLOOKUP(B22,대학별점수!$B$3:$M$74,8,0) -> 25 | N22: =VLOOKUP(B22,대학별점수!$B$3:$M$74,9,0) -> 22 | O22: =VLOOKUP(B22,대학별점수!$B$3:$T$73,19,0) -> 22 | P22: =VLOOKUP(B22,대학별점수!$B$3:$V$74,18,0) -> 32 | Q22: =VLOOKUP(B22,대학별점수!$B$3:$V$74,17,0) -> 33 | R22: =VLOOKUP(B22,대학별점수!$B$3:$V$74,16,0) -> 21 | S22: =VLOOKUP(B22,대학별점수!$B$3:$V$74,20,0) -> 10.48 | T22: =VLOOKUP(B22,대학별점수!$B$3:$V$74,21,0) -> 6.88 | U22: 진로선택3과목 반영에서 5과목 반영
A23: 서울 | B23: =대학별점수!B21 -> 동국대 체육교육 | C23: ='내신(남)'!B22 -> 300 | D23: =VLOOKUP(B23,대학별점수!$B$3:$C$74,2,FALSE) -> 298.4 | E23: =VLOOKUP(B23,대학별점수!$B$3:$D$74,3,FALSE) -> 294.3 | F23: =C23-D23 -> 1.6 | G23: ='실기환산(남)'!U2 -> 700 | H23: =C23+G23 -> 1000 | I23: =VLOOKUP(B23,대학별점수!$B$3:$M$74,4,0) -> 996.5 | J23: =VLOOKUP(B23,대학별점수!$B$3:$M$74,5,0) -> 994.3 | K23: =VLOOKUP(B23,대학별점수!$B$3:$T$73,6,0) -> 22 | L23: =VLOOKUP(B23,대학별점수!$B$3:$M$74,7,0) -> 23 | M23: =VLOOKUP(B23,대학별점수!$B$3:$M$74,8,0) -> 23 | N23: =VLOOKUP(B23,대학별점수!$B$3:$M$74,9,0) -> 23 | O23: =VLOOKUP(B23,대학별점수!$B$3:$T$73,19,0) -> 0 | P23: =VLOOKUP(B23,대학별점수!$B$3:$V$74,18,0) -> 0 | Q23: =VLOOKUP(B23,대학별점수!$B$3:$V$74,17,0) -> 0 | R23: =VLOOKUP(B23,대학별점수!$B$3:$V$74,16,0) -> _ | S23: =VLOOKUP(B23,대학별점수!$B$3:$V$74,20,0) -> 30.17 | T23: =VLOOKUP(B23,대학별점수!$B$3:$V$74,21,0) -> 27.22 | U23: 실기기본점수 50점
A24: 대전 | B24: =대학별점수!B23 -> 목원대 스포츠건강관리 | C24: ='내신(남)'!B23 -> 92 | D24: =VLOOKUP(B24,대학별점수!$B$3:$C$74,2,FALSE) -> 86 | E24: =VLOOKUP(B24,대학별점수!$B$3:$D$74,3,FALSE) -> 50 | F24: =C24-D24 -> 6 | G24: ='실기환산(남)'!V2 -> 900 | H24: =C24+G24 -> 992 | I24: =VLOOKUP(B24,대학별점수!$B$3:$M$74,4,0) -> 918 | J24: =VLOOKUP(B24,대학별점수!$B$3:$M$74,5,0) -> 888 | K24: =VLOOKUP(B24,대학별점수!$B$3:$T$73,6,0) -> 30 | L24: =VLOOKUP(B24,대학별점수!$B$3:$M$74,7,0) -> 33 | M24: =VLOOKUP(B24,대학별점수!$B$3:$M$74,8,0) -> 33 | N24: =VLOOKUP(B24,대학별점수!$B$3:$M$74,9,0) -> 54 | O24: =VLOOKUP(B24,대학별점수!$B$3:$T$73,19,0) -> 76 | P24: =VLOOKUP(B24,대학별점수!$B$3:$V$74,18,0) -> 126 | Q24: =VLOOKUP(B24,대학별점수!$B$3:$V$74,17,0) -> 149 | R24: =VLOOKUP(B24,대학별점수!$B$3:$V$74,16,0) -> 129 | S24: =VLOOKUP(B24,대학별점수!$B$3:$V$74,20,0) -> 6.90 | T24: =VLOOKUP(B24,대학별점수!$B$3:$V$74,21,0) -> 5.73 | U24: .
A25: 충남 | B25: =대학별점수!B24 -> 백석대 특수체육교육 | C25: ='내신(남)'!B25 -> 400 | D25: =VLOOKUP(B25,대학별점수!$B$3:$C$74,2,FALSE) -> 552 | E25: =VLOOKUP(B25,대학별점수!$B$3:$D$74,3,FALSE) -> 516 | F25: =C25-D25 -> -152 | G25: ='실기환산(남)'!W2 -> 400 | H25: =C25+G25 -> 800 | I25: =VLOOKUP(B25,대학별점수!$B$3:$M$74,4,0) -> 930.67 | J25: =VLOOKUP(B25,대학별점수!$B$3:$M$74,5,0) -> 916 | K25: =VLOOKUP(B25,대학별점수!$B$3:$T$73,6,0) -> 27 | L25: =VLOOKUP(B25,대학별점수!$B$3:$M$74,7,0) -> 27 | M25: =VLOOKUP(B25,대학별점수!$B$3:$M$74,8,0) -> 27 | N25: =VLOOKUP(B25,대학별점수!$B$3:$M$74,9,0) -> 26 | O25: =VLOOKUP(B25,대학별점수!$B$3:$T$73,19,0) -> 16 | P25: =VLOOKUP(B25,대학별점수!$B$3:$V$74,18,0) -> 28 | Q25: =VLOOKUP(B25,대학별점수!$B$3:$V$74,17,0) -> 32 | R25: =VLOOKUP(B25,대학별점수!$B$3:$V$74,16,0) -> 16 | S25: =VLOOKUP(B25,대학별점수!$B$3:$V$74,20,0) -> 6.15 | T25: =VLOOKUP(B25,대학별점수!$B$3:$V$74,21,0) -> 5.15 | U25: .
A26: 충남 | B26: =대학별점수!B25 -> 백석대 스포츠과학 | C26: ='내신(남)'!B24 -> 600 | D26: =VLOOKUP(B26,대학별점수!$B$3:$C$74,2,FALSE) -> 349 | E26: =VLOOKUP(B26,대학별점수!$B$3:$D$74,3,FALSE) -> 323 | F26: =C26-D26 -> 251 | G26: ='실기환산(남)'!X2 -> 600 | H26: =C26+G26 -> 1200 | I26: =VLOOKUP(B26,대학별점수!$B$3:$M$74,4,0) -> 941 | J26: =VLOOKUP(B26,대학별점수!$B$3:$M$74,5,0) -> 923 | K26: =VLOOKUP(B26,대학별점수!$B$3:$T$73,6,0) -> 73 | L26: =VLOOKUP(B26,대학별점수!$B$3:$M$74,7,0) -> 73 | M26: =VLOOKUP(B26,대학별점수!$B$3:$M$74,8,0) -> 75 | N26: =VLOOKUP(B26,대학별점수!$B$3:$M$74,9,0) -> 46 | O26: =VLOOKUP(B26,대학별점수!$B$3:$T$73,19,0) -> 36 | P26: =VLOOKUP(B26,대학별점수!$B$3:$V$74,18,0) -> 42 | Q26: =VLOOKUP(B26,대학별점수!$B$3:$V$74,17,0) -> 30 | R26: =VLOOKUP(B26,대학별점수!$B$3:$V$74,16,0) -> 19 | S26: =VLOOKUP(B26,대학별점수!$B$3:$V$74,20,0) -> 10.96 | T26: =VLOOKUP(B26,대학별점수!$B$3:$V$74,21,0) -> 9.29 | U26: .
A27: 서울 | B27: =대학별점수!B26 -> 삼육대 체육 | C27: ='내신(남)'!B26 -> 400 | D27: =VLOOKUP(B27,대학별점수!$B$3:$C$74,2,FALSE) -> 392 | E27: =VLOOKUP(B27,대학별점수!$B$3:$D$74,3,FALSE) -> 386 | F27: =C27-D27 -> 8 | G27: ='실기환산(남)'!Y2 -> 600 | H27: =C27+G27 -> 1000 | I27: =VLOOKUP(B27,대학별점수!$B$3:$M$74,4,0) -> 990 | J27: =VLOOKUP(B27,대학별점수!$B$3:$M$74,5,0) -> 986 | K27: =VLOOKUP(B27,대학별점수!$B$3:$T$73,6,0) -> 12 | L27: =VLOOKUP(B27,대학별점수!$B$3:$M$74,7,0) -> 10 | M27: =VLOOKUP(B27,대학별점수!$B$3:$M$74,8,0) -> 11 | N27: =VLOOKUP(B27,대학별점수!$B$3:$M$74,9,0) -> 9 | O27: =VLOOKUP(B27,대학별점수!$B$3:$T$73,19,0) -> 4 | P27: =VLOOKUP(B27,대학별점수!$B$3:$V$74,18,0) -> 4 | Q27: =VLOOKUP(B27,대학별점수!$B$3:$V$74,17,0) -> 3 | R27: =VLOOKUP(B27,대학별점수!$B$3:$V$74,16,0) -> 14 | S27: =VLOOKUP(B27,대학별점수!$B$3:$V$74,20,0) -> 13.70 | T27: =VLOOKUP(B27,대학별점수!$B$3:$V$74,21,0) -> 29.91 | U27: 진로선택3과목 반영에서 이수전과목 반영
A28: 서울 | B28: =대학별점수!B27 -> 상명대 스포츠건강 | C28: ='내신(남)'!B27 -> 300 | D28: =VLOOKUP(B28,대학별점수!$B$3:$C$74,2,FALSE) -> 282 | E28: =VLOOKUP(B28,대학별점수!$B$3:$D$74,3,FALSE) -> 235 | F28: =C28-D28 -> 18 | G28: ='실기환산(남)'!Z2 -> 675.5 | H28: =C28+G28 -> 975.5 | I28: =VLOOKUP(B28,대학별점수!$B$3:$M$74,4,0) -> 961 | J28: =VLOOKUP(B28,대학별점수!$B$3:$M$74,5,0) -> 935 | K28: =VLOOKUP(B28,대학별점수!$B$3:$T$73,6,0) -> 12 | L28: =VLOOKUP(B28,대학별점수!$B$3:$M$74,7,0) -> 12 | M28: =VLOOKUP(B28,대학별점수!$B$3:$M$74,8,0) -> 0 | N28: =VLOOKUP(B28,대학별점수!$B$3:$M$74,9,0) -> 0 | O28: =VLOOKUP(B28,대학별점수!$B$3:$T$73,19,0) -> 12 | P28: =VLOOKUP(B28,대학별점수!$B$3:$V$74,18,0) -> 0 | Q28: =VLOOKUP(B28,대학별점수!$B$3:$V$74,17,0) -> 0 | R28: =VLOOKUP(B28,대학별점수!$B$3:$V$74,16,0) -> 0 | S28: =VLOOKUP(B28,대학별점수!$B$3:$V$74,20,0) -> 65.92 | T28: =VLOOKUP(B28,대학별점수!$B$3:$V$74,21,0) -> 0 | U28: 실기만점기준 상향 조정
A29: 충남 | B29: =대학별점수!B28 -> 상명대(천안) 스포츠융합 | C29: ='내신(남)'!B28 -> 400 | D29: =VLOOKUP(B29,대학별점수!$B$3:$C$74,2,FALSE) -> 357 | E29: =VLOOKUP(B29,대학별점수!$B$3:$D$74,3,FALSE) -> 288 | F29: =C29-D29 -> 43 | G29: ='실기환산(남)'!AA2 -> 590 | H29: =C29+G29 -> 990 | I29: =VLOOKUP(B29,대학별점수!$B$3:$M$74,4,0) -> 910 | J29: =VLOOKUP(B29,대학별점수!$B$3:$M$74,5,0) -> 888 | K29: =VLOOKUP(B29,대학별점수!$B$3:$T$73,6,0) -> 38 | L29: =VLOOKUP(B29,대학별점수!$B$3:$M$74,7,0) -> 38 | M29: =VLOOKUP(B29,대학별점수!$B$3:$M$74,8,0) -> 38 | N29: =VLOOKUP(B29,대학별점수!$B$3:$M$74,9,0) -> 43 | O29: =VLOOKUP(B29,대학별점수!$B$3:$T$73,19,0) -> 23 | P29: =VLOOKUP(B29,대학별점수!$B$3:$V$74,18,0) -> 37 | Q29: =VLOOKUP(B29,대학별점수!$B$3:$V$74,17,0) -> 27 | R29: =VLOOKUP(B29,대학별점수!$B$3:$V$74,16,0) -> 33 | S29: =VLOOKUP(B29,대학별점수!$B$3:$V$74,20,0) -> 7.68 | T29: =VLOOKUP(B29,대학별점수!$B$3:$V$74,21,0) -> 7.9 | U29: .
A30: 강원 | B30: =대학별점수!B29 -> 상지대 체육 | C30: ='내신(남)'!B29 -> 300 | D30: =VLOOKUP(B30,대학별점수!$B$3:$C$74,2,FALSE) -> 233 | E30: =VLOOKUP(B30,대학별점수!$B$3:$D$74,3,FALSE) -> 197 | F30: =C30-D30 -> 67 | G30: ='실기환산(남)'!AB2 -> 700 | H30: =C30+G30 -> 1000 | I30: =VLOOKUP(B30,대학별점수!$B$3:$M$74,4,0) -> 920 | J30: =VLOOKUP(B30,대학별점수!$B$3:$M$74,5,0) -> 897 | K30: =VLOOKUP(B30,대학별점수!$B$3:$T$73,6,0) -> 40 | L30: =VLOOKUP(B30,대학별점수!$B$3:$M$74,7,0) -> 40 | M30: =VLOOKUP(B30,대학별점수!$B$3:$M$74,8,0) -> 55 | N30: =VLOOKUP(B30,대학별점수!$B$3:$M$74,9,0) -> 60 | O30: =VLOOKUP(B30,대학별점수!$B$3:$T$73,19,0) -> 56 | P30: =VLOOKUP(B30,대학별점수!$B$3:$V$74,18,0) -> 40 | Q30: =VLOOKUP(B30,대학별점수!$B$3:$V$74,17,0) -> 24 | R30: =VLOOKUP(B30,대학별점수!$B$3:$V$74,16,0) -> 47 | S30: =VLOOKUP(B30,대학별점수!$B$3:$V$74,20,0) -> 4.28 | T30: =VLOOKUP(B30,대학별점수!$B$3:$V$74,21,0) -> 1.93 | U30: .
A31: 서울 | B31: =대학별점수!B30 -> 서경대 스포츠&테크놀러지 | C31: ='내신(남)'!B30 -> 250 | D31: =VLOOKUP(B31,대학별점수!$B$3:$C$74,2,FALSE) -> 294 | E31: =VLOOKUP(B31,대학별점수!$B$3:$D$74,3,FALSE) -> 281 | F31: =C31-D31 -> -44 | G31: ='실기환산(남)'!AC2 -> 400 | H31: =C31+G31 -> 650 | I31: =VLOOKUP(B31,대학별점수!$B$3:$M$74,4,0) -> 687.33 | J31: =VLOOKUP(B31,대학별점수!$B$3:$M$74,5,0) -> 680.67 | K31: =VLOOKUP(B31,대학별점수!$B$3:$T$73,6,0) -> 30 | L31: =VLOOKUP(B31,대학별점수!$B$3:$M$74,7,0) -> 30 | M31: =VLOOKUP(B31,대학별점수!$B$3:$M$74,8,0) -> 0 | N31: =VLOOKUP(B31,대학별점수!$B$3:$M$74,9,0) -> 0 | O31: =VLOOKUP(B31,대학별점수!$B$3:$T$73,19,0) -> 2 | P31: =VLOOKUP(B31,대학별점수!$B$3:$V$74,18,0) -> 7 | Q31: =VLOOKUP(B31,대학별점수!$B$3:$V$74,17,0) -> 0 | R31: =VLOOKUP(B31,대학별점수!$B$3:$V$74,16,0) -> 0 | S31: =VLOOKUP(B31,대학별점수!$B$3:$V$74,20,0) -> 24.70 | T31: =VLOOKUP(B31,대학별점수!$B$3:$V$74,21,0) -> 19.90 | U31: .
A32: 충남 | B32: =대학별점수!B32 -> 서원대 체육교육 | C32: ='내신(남)'!B31 -> 600 | D32: =VLOOKUP(B32,대학별점수!$B$3:$C$74,2,FALSE) -> 588 | E32: =VLOOKUP(B32,대학별점수!$B$3:$D$74,3,FALSE) -> 576 | F32: =C32-D32 -> 12 | G32: ='실기환산(남)'!AD2 -> 400 | H32: =C32+G32 -> 1000 | I32: =VLOOKUP(B32,대학별점수!$B$3:$M$74,4,0) -> 981.6 | J32: =VLOOKUP(B32,대학별점수!$B$3:$M$74,5,0) -> 976 | K32: =VLOOKUP(B32,대학별점수!$B$3:$T$73,6,0) -> 28 | L32: =VLOOKUP(B32,대학별점수!$B$3:$M$74,7,0) -> 23 | M32: =VLOOKUP(B32,대학별점수!$B$3:$M$74,8,0) -> 23 | N32: =VLOOKUP(B32,대학별점수!$B$3:$M$74,9,0) -> 23 | O32: =VLOOKUP(B32,대학별점수!$B$3:$T$73,19,0) -> 36 | P32: =VLOOKUP(B32,대학별점수!$B$3:$V$74,18,0) -> 23 | Q32: =VLOOKUP(B32,대학별점수!$B$3:$V$74,17,0) -> _ | R32: =VLOOKUP(B32,대학별점수!$B$3:$V$74,16,0) -> 13 | S32: =VLOOKUP(B32,대학별점수!$B$3:$V$74,20,0) -> 6.74 | T32: =VLOOKUP(B32,대학별점수!$B$3:$V$74,21,0) -> 11.52 | U32: 실기기본점수 80점/실기변경/변별력 상승
A33: 충남 | B33: =대학별점수!B33 -> 서원대 레저스포츠 | C33: ='내신(남)'!B32 -> 200 | D33: =VLOOKUP(B33,대학별점수!$B$3:$C$74,2,FALSE) -> 190.5 | E33: =VLOOKUP(B33,대학별점수!$B$3:$D$74,3,FALSE) -> 170 | F33: =C33-D33 -> 9.5 | G33: ='실기환산(남)'!AE2 -> 800 | H33: =C33+G33 -> 1000 | I33: =VLOOKUP(B33,대학별점수!$B$3:$M$74,4,0) -> 978.3 | J33: =VLOOKUP(B33,대학별점수!$B$3:$M$74,5,0) -> 963.6 | K33: =VLOOKUP(B33,대학별점수!$B$3:$T$73,6,0) -> 31 | L33: =VLOOKUP(B33,대학별점수!$B$3:$M$74,7,0) -> 48 | M33: =VLOOKUP(B33,대학별점수!$B$3:$M$74,8,0) -> 45 | N33: =VLOOKUP(B33,대학별점수!$B$3:$M$74,9,0) -> 58 | O33: =VLOOKUP(B33,대학별점수!$B$3:$T$73,19,0) -> 157 | P33: =VLOOKUP(B33,대학별점수!$B$3:$V$74,18,0) -> 176 | Q33: =VLOOKUP(B33,대학별점수!$B$3:$V$74,17,0) -> _ | R33: =VLOOKUP(B33,대학별점수!$B$3:$V$74,16,0) -> 48 | S33: =VLOOKUP(B33,대학별점수!$B$3:$V$74,20,0) -> 6.44 | T33: =VLOOKUP(B33,대학별점수!$B$3:$V$74,21,0) -> 6.69 | U33: 실기기본점수 160점/변별력 상승
A34: 충남 | B34: =대학별점수!B34 -> 서원대 헬스케어운동 | C34: ='내신(남)'!B33 -> 200 | D34: =VLOOKUP(B34,대학별점수!$B$3:$C$74,2,FALSE) -> 193 | E34: =VLOOKUP(B34,대학별점수!$B$3:$D$74,3,FALSE) -> 175 | F34: =C34-D34 -> 7 | G34: ='실기환산(남)'!AF2 -> 800 | H34: =C34+G34 -> 1000 | I34: =VLOOKUP(B34,대학별점수!$B$3:$M$74,4,0) -> 986.6 | J34: =VLOOKUP(B34,대학별점수!$B$3:$M$74,5,0) -> 971.4 | K34: =VLOOKUP(B34,대학별점수!$B$3:$T$73,6,0) -> 25 | L34: =VLOOKUP(B34,대학별점수!$B$3:$M$74,7,0) -> 25 | M34: =VLOOKUP(B34,대학별점수!$B$3:$M$74,8,0) -> 25 | N34: =VLOOKUP(B34,대학별점수!$B$3:$M$74,9,0) -> 30 | O34: =VLOOKUP(B34,대학별점수!$B$3:$T$73,19,0) -> 46 | P34: =VLOOKUP(B34,대학별점수!$B$3:$V$74,18,0) -> 60 | Q34: =VLOOKUP(B34,대학별점수!$B$3:$V$74,17,0) -> _ | R34: =VLOOKUP(B34,대학별점수!$B$3:$V$74,16,0) -> 23신설 | S34: =VLOOKUP(B34,대학별점수!$B$3:$V$74,20,0) -> 8.24 | T34: =VLOOKUP(B34,대학별점수!$B$3:$V$74,21,0) -> 7.24 | U34: 실기기본점수 160점/변별력 상승
A35: 충남 | B35: =대학별점수!B35 -> 선문대 스포츠과학 | C35: ='내신(남)'!B34 -> 200 | D35: =VLOOKUP(B35,대학별점수!$B$3:$C$74,2,FALSE) -> 120 | E35: =VLOOKUP(B35,대학별점수!$B$3:$D$74,3,FALSE) -> 40 | F35: =C35-D35 -> 80 | G35: ='실기환산(남)'!AG2 -> 800 | H35: =C35+G35 -> 1000 | I35: =VLOOKUP(B35,대학별점수!$B$3:$M$74,4,0) -> 830 | J35: =VLOOKUP(B35,대학별점수!$B$3:$M$74,5,0) -> 795 | K35: =VLOOKUP(B35,대학별점수!$B$3:$T$73,6,0) -> 27 | L35: =VLOOKUP(B35,대학별점수!$B$3:$M$74,7,0) -> 26 | M35: =VLOOKUP(B35,대학별점수!$B$3:$M$74,8,0) -> 24 | N35: =VLOOKUP(B35,대학별점수!$B$3:$M$74,9,0) -> 25 | O35: =VLOOKUP(B35,대학별점수!$B$3:$T$73,19,0) -> 16 | P35: =VLOOKUP(B35,대학별점수!$B$3:$V$74,18,0) -> 33 | Q35: =VLOOKUP(B35,대학별점수!$B$3:$V$74,17,0) -> 18 | R35: =VLOOKUP(B35,대학별점수!$B$3:$V$74,16,0) -> 63 | S35: =VLOOKUP(B35,대학별점수!$B$3:$V$74,20,0) -> 5.35 | T35: =VLOOKUP(B35,대학별점수!$B$3:$V$74,21,0) -> 5.22 | U35: .
A36: 충남 | B36: =대학별점수!B36 -> 선문대 피트니스재활 | C36: ='내신(남)'!B35 -> 180 | D36: =VLOOKUP(B36,대학별점수!$B$3:$C$74,2,FALSE) -> 120 | E36: =VLOOKUP(B36,대학별점수!$B$3:$D$74,3,FALSE) -> 40 | F36: =C36-D36 -> 60 | G36: ='실기환산(남)'!AH2 -> 800 | H36: =C36+G36 -> 980 | I36: =VLOOKUP(B36,대학별점수!$B$3:$M$74,4,0) -> 780 | J36: =VLOOKUP(B36,대학별점수!$B$3:$M$74,5,0) -> 734 | K36: =VLOOKUP(B36,대학별점수!$B$3:$T$73,6,0) -> 27 | L36: =VLOOKUP(B36,대학별점수!$B$3:$M$74,7,0) -> 25 | M36: =VLOOKUP(B36,대학별점수!$B$3:$M$74,8,0) -> 24 | N36: =VLOOKUP(B36,대학별점수!$B$3:$M$74,9,0) -> 25 | O36: =VLOOKUP(B36,대학별점수!$B$3:$T$73,19,0) -> 19 | P36: =VLOOKUP(B36,대학별점수!$B$3:$V$74,18,0) -> 46 | Q36: =VLOOKUP(B36,대학별점수!$B$3:$V$74,17,0) -> 31 | R36: =VLOOKUP(B36,대학별점수!$B$3:$V$74,16,0) -> _ | S36: =VLOOKUP(B36,대학별점수!$B$3:$V$74,20,0) -> 4.08 | T36: =VLOOKUP(B36,대학별점수!$B$3:$V$74,21,0) -> 5.25 | U36: .
A37: 경기 | B37: =대학별점수!B37 -> 성결대 체육교육 | C37: ='내신(남)'!B36 -> 400 | D37: =VLOOKUP(B37,대학별점수!$B$3:$C$74,2,FALSE) -> 395 | E37: =VLOOKUP(B37,대학별점수!$B$3:$D$74,3,FALSE) -> 385 | F37: =C37-D37 -> 5 | G37: ='실기환산(남)'!AI2 -> 600 | H37: =C37+G37 -> 1000 | I37: =VLOOKUP(B37,대학별점수!$B$3:$M$74,4,0) -> 991 | J37: =VLOOKUP(B37,대학별점수!$B$3:$M$74,5,0) -> 985 | K37: =VLOOKUP(B37,대학별점수!$B$3:$T$73,6,0) -> 14 | L37: =VLOOKUP(B37,대학별점수!$B$3:$M$74,7,0) -> 14 | M37: =VLOOKUP(B37,대학별점수!$B$3:$M$74,8,0) -> 14 | N37: =VLOOKUP(B37,대학별점수!$B$3:$M$74,9,0) -> 8 | O37: =VLOOKUP(B37,대학별점수!$B$3:$T$73,19,0) -> 6 | P37: =VLOOKUP(B37,대학별점수!$B$3:$V$74,18,0) -> 8 | Q37: =VLOOKUP(B37,대학별점수!$B$3:$V$74,17,0) -> 3 | R37: =VLOOKUP(B37,대학별점수!$B$3:$V$74,16,0) -> 6 | S37: =VLOOKUP(B37,대학별점수!$B$3:$V$74,20,0) -> 16.93 | T37: =VLOOKUP(B37,대학별점수!$B$3:$V$74,21,0) -> 23.36 | U37: 내신반영방법 변경/교과점수 상승
A38: 충북 | B38: =대학별점수!B38 -> 세명대 생활체육 | C38: ='내신(남)'!B37 -> 200 | D38: =VLOOKUP(B38,대학별점수!$B$3:$C$74,2,FALSE) -> 120 | E38: =VLOOKUP(B38,대학별점수!$B$3:$D$74,3,FALSE) -> 40 | F38: =C38-D38 -> 80 | G38: ='실기환산(남)'!AJ2 -> 800 | H38: =C38+G38 -> 1000 | I38: =VLOOKUP(B38,대학별점수!$B$3:$M$74,4,0) -> 860 | J38: =VLOOKUP(B38,대학별점수!$B$3:$M$74,5,0) -> 740 | K38: =VLOOKUP(B38,대학별점수!$B$3:$T$73,6,0) -> 30 | L38: =VLOOKUP(B38,대학별점수!$B$3:$M$74,7,0) -> 25 | M38: =VLOOKUP(B38,대학별점수!$B$3:$M$74,8,0) -> 25 | N38: =VLOOKUP(B38,대학별점수!$B$3:$M$74,9,0) -> 25 | O38: =VLOOKUP(B38,대학별점수!$B$3:$T$73,19,0) -> 51 | P38: =VLOOKUP(B38,대학별점수!$B$3:$V$74,18,0) -> 43 | Q38: =VLOOKUP(B38,대학별점수!$B$3:$V$74,17,0) -> 116 | R38: =VLOOKUP(B38,대학별점수!$B$3:$V$74,16,0) -> 53 | S38: =VLOOKUP(B38,대학별점수!$B$3:$V$74,20,0) -> 3.44 | T38: =VLOOKUP(B38,대학별점수!$B$3:$V$74,21,0) -> 3.2 | U38: 윗몸폐지 농구신설 실기반영비율 증가
A39: 경기 | B39: =대학별점수!B39 -> 수원대 스포츠과학부 | C39: ='내신(남)'!B38 -> 400 | D39: =VLOOKUP(B39,대학별점수!$B$3:$C$74,2,FALSE) -> 380 | E39: =VLOOKUP(B39,대학별점수!$B$3:$D$74,3,FALSE) -> 367 | F39: =C39-D39 -> 20 | G39: ='실기환산(남)'!AK2 -> 600 | H39: =C39+G39 -> 1000 | I39: =VLOOKUP(B39,대학별점수!$B$3:$M$74,4,0) -> 974 | J39: =VLOOKUP(B39,대학별점수!$B$3:$M$74,5,0) -> 967 | K39: =VLOOKUP(B39,대학별점수!$B$3:$T$73,6,0) -> 기초 20 축구 13 농구 7 체조 5 | L39: =VLOOKUP(B39,대학별점수!$B$3:$M$74,7,0) -> 기초 20 축구 13 농구 7 체조 5 | M39: =VLOOKUP(B39,대학별점수!$B$3:$M$74,8,0) -> 20 | N39: =VLOOKUP(B39,대학별점수!$B$3:$M$74,9,0) -> 20 | O39: =VLOOKUP(B39,대학별점수!$B$3:$T$73,19,0) -> 23 | P39: =VLOOKUP(B39,대학별점수!$B$3:$V$74,18,0) -> - | Q39: =VLOOKUP(B39,대학별점수!$B$3:$V$74,17,0) -> 16 | R39: =VLOOKUP(B39,대학별점수!$B$3:$V$74,16,0) -> 9 | S39: =VLOOKUP(B39,대학별점수!$B$3:$V$74,20,0) -> 27.85 | T39: =VLOOKUP(B39,대학별점수!$B$3:$V$74,21,0) -> 27.05 | U39: 기초체력 기준
A40: 충남 | B40: =대학별점수!B41 -> 순천향대 스포츠과학 | C40: ='내신(남)'!B39 -> 300 | D40: =VLOOKUP(B40,대학별점수!$B$3:$C$74,2,FALSE) -> 276 | E40: =VLOOKUP(B40,대학별점수!$B$3:$D$74,3,FALSE) -> 252 | F40: =C40-D40 -> 24 | G40: ='실기환산(남)'!AN2 -> 692.22222 | H40: =C40+G40 -> 992.22222 | I40: =VLOOKUP(B40,대학별점수!$B$3:$M$74,4,0) -> 962 | J40: =VLOOKUP(B40,대학별점수!$B$3:$M$74,5,0) -> 952 | K40: =VLOOKUP(B40,대학별점수!$B$3:$T$73,6,0) -> 16 | L40: =VLOOKUP(B40,대학별점수!$B$3:$M$74,7,0) -> 16 | M40: =VLOOKUP(B40,대학별점수!$B$3:$M$74,8,0) -> 17 | N40: =VLOOKUP(B40,대학별점수!$B$3:$M$74,9,0) -> 17 | O40: =VLOOKUP(B40,대학별점수!$B$3:$T$73,19,0) -> 7 | P40: =VLOOKUP(B40,대학별점수!$B$3:$V$74,18,0) -> 13 | Q40: =VLOOKUP(B40,대학별점수!$B$3:$V$74,17,0) -> 7 | R40: =VLOOKUP(B40,대학별점수!$B$3:$V$74,16,0) -> 7 | S40: =VLOOKUP(B40,대학별점수!$B$3:$V$74,20,0) -> 27.94 | T40: =VLOOKUP(B40,대학별점수!$B$3:$V$74,21,0) -> 18.47 | U40: 윗몸폐지 농구신설(45초)
A41: 충남 | B41: =대학별점수!B42 -> 순천향대 스포츠의학 | C41: ='내신(남)'!B41 -> 400 | D41: =VLOOKUP(B41,대학별점수!$B$3:$C$74,2,FALSE) -> 382 | E41: =VLOOKUP(B41,대학별점수!$B$3:$D$74,3,FALSE) -> 369 | F41: =C41-D41 -> 18 | G41: ='실기환산(남)'!AL2 -> 595 | H41: =C41+G41 -> 995 | I41: =VLOOKUP(B41,대학별점수!$B$3:$M$74,4,0) -> 976 | J41: =VLOOKUP(B41,대학별점수!$B$3:$M$74,5,0) -> 969 | K41: =VLOOKUP(B41,대학별점수!$B$3:$T$73,6,0) -> 13 | L41: =VLOOKUP(B41,대학별점수!$B$3:$M$74,7,0) -> 13 | M41: =VLOOKUP(B41,대학별점수!$B$3:$M$74,8,0) -> 12 | N41: =VLOOKUP(B41,대학별점수!$B$3:$M$74,9,0) -> 15 | O41: =VLOOKUP(B41,대학별점수!$B$3:$T$73,19,0) -> 27 | P41: =VLOOKUP(B41,대학별점수!$B$3:$V$74,18,0) -> 19 | Q41: =VLOOKUP(B41,대학별점수!$B$3:$V$74,17,0) -> 18 | R41: =VLOOKUP(B41,대학별점수!$B$3:$V$74,16,0) -> 25 | S41: =VLOOKUP(B41,대학별점수!$B$3:$V$74,20,0) -> 11.23 | T41: =VLOOKUP(B41,대학별점수!$B$3:$V$74,21,0) -> 13.0 | U41: .
A42: 충남 | B42: =대학별점수!B43 -> 순천향대 스포츠응용산업 | C42: ='내신(남)'!B40 -> 300 | D42: =VLOOKUP(B42,대학별점수!$B$3:$C$74,2,FALSE) -> 276 | E42: =VLOOKUP(B42,대학별점수!$B$3:$D$74,3,FALSE) -> 262 | F42: =C42-D42 -> 24 | G42: ='실기환산(남)'!AM2 -> 696.11111 | H42: =C42+G42 -> 996.11111 | I42: =VLOOKUP(B42,대학별점수!$B$3:$M$74,4,0) -> 968 | J42: =VLOOKUP(B42,대학별점수!$B$3:$M$74,5,0) -> 962 | K42: =VLOOKUP(B42,대학별점수!$B$3:$T$73,6,0) -> 20 | L42: =VLOOKUP(B42,대학별점수!$B$3:$M$74,7,0) -> 20 | M42: =VLOOKUP(B42,대학별점수!$B$3:$M$74,8,0) -> 19 | N42: =VLOOKUP(B42,대학별점수!$B$3:$M$74,9,0) -> 19 | O42: =VLOOKUP(B42,대학별점수!$B$3:$T$73,19,0) -> 6 | P42: =VLOOKUP(B42,대학별점수!$B$3:$V$74,18,0) -> 26 | Q42: =VLOOKUP(B42,대학별점수!$B$3:$V$74,17,0) -> 26 | R42: =VLOOKUP(B42,대학별점수!$B$3:$V$74,16,0) -> 20 | S42: =VLOOKUP(B42,대학별점수!$B$3:$V$74,20,0) -> 21.60 | T42: =VLOOKUP(B42,대학별점수!$B$3:$V$74,21,0) -> 22.63 | U42: 학과명 변경
A43: 인천 | B43: =대학별점수!B44 -> 안양대 스포츠과학 | C43: ='내신(남)'!B42 -> 300 | D43: =VLOOKUP(B43,대학별점수!$B$3:$C$74,2,FALSE) -> 282 | E43: =VLOOKUP(B43,대학별점수!$B$3:$D$74,3,FALSE) -> 230 | F43: =C43-D43 -> 18 | G43: ='실기환산(남)'!AO2 -> 600 | H43: =C43+G43 -> 900 | I43: =VLOOKUP(B43,대학별점수!$B$3:$M$74,4,0) -> 852 | J43: =VLOOKUP(B43,대학별점수!$B$3:$M$74,5,0) -> 830 | K43: =VLOOKUP(B43,대학별점수!$B$3:$T$73,6,0) -> 10 | L43: =VLOOKUP(B43,대학별점수!$B$3:$M$74,7,0) -> 7 | M43: =VLOOKUP(B43,대학별점수!$B$3:$M$74,8,0) -> 14 | N43: =VLOOKUP(B43,대학별점수!$B$3:$M$74,9,0) -> 12 | O43: =VLOOKUP(B43,대학별점수!$B$3:$T$73,19,0) -> 27 | P43: =VLOOKUP(B43,대학별점수!$B$3:$V$74,18,0) -> 42 | Q43: =VLOOKUP(B43,대학별점수!$B$3:$V$74,17,0) -> 20 | R43: =VLOOKUP(B43,대학별점수!$B$3:$V$74,16,0) -> 64 | S43: =VLOOKUP(B43,대학별점수!$B$3:$V$74,20,0) -> 7.57 | T43: =VLOOKUP(B43,대학별점수!$B$3:$V$74,21,0) -> 5.36 | U43: .
A44: 인천 | B44: =대학별점수!B45 -> 안양대 스포츠응용산업 | C44: ='내신(남)'!B43 -> 280 | D44: =VLOOKUP(B44,대학별점수!$B$3:$C$74,2,FALSE) -> 0 | E44: =VLOOKUP(B44,대학별점수!$B$3:$D$74,3,FALSE) -> 0 | F44: =C44-D44 -> 280 | G44: ='실기환산(남)'!AP2 -> 600 | H44: =C44+G44 -> 880 | I44: =VLOOKUP(B44,대학별점수!$B$3:$M$74,4,0) -> 800 | J44: =VLOOKUP(B44,대학별점수!$B$3:$M$74,5,0) -> 730 | K44: =VLOOKUP(B44,대학별점수!$B$3:$T$73,6,0) -> 일반학생선발 | L44: =VLOOKUP(B44,대학별점수!$B$3:$M$74,7,0) -> 4 | M44: =VLOOKUP(B44,대학별점수!$B$3:$M$74,8,0) -> 16 | N44: =VLOOKUP(B44,대학별점수!$B$3:$M$74,9,0) -> 0 | O44: =VLOOKUP(B44,대학별점수!$B$3:$T$73,19,0) -> 3 | P44: =VLOOKUP(B44,대학별점수!$B$3:$V$74,18,0) -> - | Q44: =VLOOKUP(B44,대학별점수!$B$3:$V$74,17,0) -> 24신설 | R44: =VLOOKUP(B44,대학별점수!$B$3:$V$74,16,0) -> 0 | S44: =VLOOKUP(B44,대학별점수!$B$3:$V$74,20,0) -> 7.00 | T44: =VLOOKUP(B44,대학별점수!$B$3:$V$74,21,0) -> 3.25 | U44: 학과명 변경
A45: 인천 | B45: =대학별점수!B46 -> 안양대 스포츠자율전공 | C45: ='내신(남)'!B44 -> 250 | D45: =VLOOKUP(B45,대학별점수!$B$3:$C$74,2,FALSE) -> 322 | E45: =VLOOKUP(B45,대학별점수!$B$3:$D$74,3,FALSE) -> 250 | F45: =C45-D45 -> -72 | G45: ='실기환산(남)'!AO2 -> 600 | H45: =C45+G45 -> 850 | I45: =VLOOKUP(B45,대학별점수!$B$3:$M$74,4,0) -> 904 | J45: =VLOOKUP(B45,대학별점수!$B$3:$M$74,5,0) -> 850 | K45: =VLOOKUP(B45,대학별점수!$B$3:$T$73,6,0) -> 15 | L45: =VLOOKUP(B45,대학별점수!$B$3:$M$74,7,0) -> 15 | M45: =VLOOKUP(B45,대학별점수!$B$3:$M$74,8,0) -> 0 | N45: =VLOOKUP(B45,대학별점수!$B$3:$M$74,9,0) -> 0 | O45: =VLOOKUP(B45,대학별점수!$B$3:$T$73,19,0) -> 24 | P45: =VLOOKUP(B45,대학별점수!$B$3:$V$74,18,0) -> 25신설 | Q45: =VLOOKUP(B45,대학별점수!$B$3:$V$74,17,0) -> 0 | R45: =VLOOKUP(B45,대학별점수!$B$3:$V$74,16,0) -> 0 | S45: =VLOOKUP(B45,대학별점수!$B$3:$V$74,20,0) -> 6.60 | T45: =VLOOKUP(B45,대학별점수!$B$3:$V$74,21,0) -> 0 | U45: 25년신설
A46: 경기 | B46: =대학별점수!B47 -> 용인대 스포츠레저 | C46: ='내신(남)'!B45 -> 140 | D46: =VLOOKUP(B46,대학별점수!$B$3:$C$74,2,FALSE) -> 138.5 | E46: =VLOOKUP(B46,대학별점수!$B$3:$D$74,3,FALSE) -> 131 | F46: =C46-D46 -> 1.5 | G46: ='실기환산(남)'!AR2 -> 340 | H46: =C46+G46 -> 480 | I46: =VLOOKUP(B46,대학별점수!$B$3:$M$74,4,0) -> 483.5 | J46: =VLOOKUP(B46,대학별점수!$B$3:$M$74,5,0) -> 476 | K46: =VLOOKUP(B46,대학별점수!$B$3:$T$73,6,0) -> 8 | L46: =VLOOKUP(B46,대학별점수!$B$3:$M$74,7,0) -> 9 | M46: =VLOOKUP(B46,대학별점수!$B$3:$M$74,8,0) -> 16 | N46: =VLOOKUP(B46,대학별점수!$B$3:$M$74,9,0) -> 15 | O46: =VLOOKUP(B46,대학별점수!$B$3:$T$73,19,0) -> 1 | P46: =VLOOKUP(B46,대학별점수!$B$3:$V$74,18,0) -> 16 | Q46: =VLOOKUP(B46,대학별점수!$B$3:$V$74,17,0) -> 23 | R46: =VLOOKUP(B46,대학별점수!$B$3:$V$74,16,0) -> 9 | S46: =VLOOKUP(B46,대학별점수!$B$3:$V$74,20,0) -> 33.56 | T46: =VLOOKUP(B46,대학별점수!$B$3:$V$74,21,0) -> 13.0 | U46: .
A47: 경기 | B47: =대학별점수!B48 -> 용인대 특수체육교육 | C47: ='내신(남)'!B46 -> 148 | D47: =VLOOKUP(B47,대학별점수!$B$3:$C$74,2,FALSE) -> 142.5 | E47: =VLOOKUP(B47,대학별점수!$B$3:$D$74,3,FALSE) -> 140.7 | F47: =C47-D47 -> 5.5 | G47: ='실기환산(남)'!AQ2 -> 350 | H47: =C47+G47 -> 498 | I47: =VLOOKUP(B47,대학별점수!$B$3:$M$74,4,0) -> 492.5 | J47: =VLOOKUP(B47,대학별점수!$B$3:$M$74,5,0) -> 490.7 | K47: =VLOOKUP(B47,대학별점수!$B$3:$T$73,6,0) -> 12 | L47: =VLOOKUP(B47,대학별점수!$B$3:$M$74,7,0) -> 12 | M47: =VLOOKUP(B47,대학별점수!$B$3:$M$74,8,0) -> 12 | N47: =VLOOKUP(B47,대학별점수!$B$3:$M$74,9,0) -> 13 | O47: =VLOOKUP(B47,대학별점수!$B$3:$T$73,19,0) -> 15 | P47: =VLOOKUP(B47,대학별점수!$B$3:$V$74,18,0) -> 14 | Q47: =VLOOKUP(B47,대학별점수!$B$3:$V$74,17,0) -> 19 | R47: =VLOOKUP(B47,대학별점수!$B$3:$V$74,16,0) -> 22 | S47: =VLOOKUP(B47,대학별점수!$B$3:$V$74,20,0) -> 19.17 | T47: =VLOOKUP(B47,대학별점수!$B$3:$V$74,21,0) -> 16.0 | U47: .
A48: 경기 | B48: =대학별점수!B49 -> 용인대 체육 | C48: ='내신(남)'!B47 -> 142 | D48: =VLOOKUP(B48,대학별점수!$B$3:$C$74,2,FALSE) -> 139.5 | E48: =VLOOKUP(B48,대학별점수!$B$3:$D$74,3,FALSE) -> 137 | F48: =C48-D48 -> 2.5 | G48: ='실기환산(남)'!AS2 -> 350 | H48: =C48+G48 -> 492 | I48: =VLOOKUP(B48,대학별점수!$B$3:$M$74,4,0) -> 484.5 | J48: =VLOOKUP(B48,대학별점수!$B$3:$M$74,5,0) -> 482 | K48: =VLOOKUP(B48,대학별점수!$B$3:$T$73,6,0) -> 13 | L48: =VLOOKUP(B48,대학별점수!$B$3:$M$74,7,0) -> 12 | M48: =VLOOKUP(B48,대학별점수!$B$3:$M$74,8,0) -> 0 | N48: =VLOOKUP(B48,대학별점수!$B$3:$M$74,9,0) -> 0 | O48: =VLOOKUP(B48,대학별점수!$B$3:$T$73,19,0) -> 16 | P48: =VLOOKUP(B48,대학별점수!$B$3:$V$74,18,0) -> 25신설 | Q48: =VLOOKUP(B48,대학별점수!$B$3:$V$74,17,0) -> 0 | R48: =VLOOKUP(B48,대학별점수!$B$3:$V$74,16,0) -> 0 | S48: =VLOOKUP(B48,대학별점수!$B$3:$V$74,20,0) -> 40.25 | T48: =VLOOKUP(B48,대학별점수!$B$3:$V$74,21,0) -> 0 | U48: 25년신설
A49: 전북 | B49: =대학별점수!B50 -> 원광대 스포츠과학 | C49: ='내신(남)'!B48 -> 400 | D49: =VLOOKUP(B49,대학별점수!$B$3:$C$74,2,FALSE) -> 540 | E49: =VLOOKUP(B49,대학별점수!$B$3:$D$74,3,FALSE) -> 530 | F49: =C49-D49 -> -140 | G49: ='실기환산(남)'!AT2 -> 980 | H49: =C49+G49 -> 1380 | I49: =VLOOKUP(B49,대학별점수!$B$3:$M$74,4,0) -> 1455 | J49: =VLOOKUP(B49,대학별점수!$B$3:$M$74,5,0) -> 1354 | K49: =VLOOKUP(B49,대학별점수!$B$3:$T$73,6,0) -> 45 | L49: =VLOOKUP(B49,대학별점수!$B$3:$M$74,7,0) -> 45 | M49: =VLOOKUP(B49,대학별점수!$B$3:$M$74,8,0) -> 53 | N49: =VLOOKUP(B49,대학별점수!$B$3:$M$74,9,0) -> 53 | O49: =VLOOKUP(B49,대학별점수!$B$3:$T$73,19,0) -> 67 | P49: =VLOOKUP(B49,대학별점수!$B$3:$V$74,18,0) -> 115 | Q49: =VLOOKUP(B49,대학별점수!$B$3:$V$74,17,0) -> 106 | R49: =VLOOKUP(B49,대학별점수!$B$3:$V$74,16,0) -> 61 | S49: =VLOOKUP(B49,대학별점수!$B$3:$V$74,20,0) -> 4.11 | T49: =VLOOKUP(B49,대학별점수!$B$3:$V$74,21,0) -> 4.02 | U49: 교과점수 반영 변경 자연 상승발생
A50: 전북 | B50: =대학별점수!B51 -> 원광대 체육교육 | C50: ='내신(남)'!B49 -> 400 | D50: =VLOOKUP(B50,대학별점수!$B$3:$C$74,2,FALSE) -> 582.5 | E50: =VLOOKUP(B50,대학별점수!$B$3:$D$74,3,FALSE) -> 530 | F50: =C50-D50 -> -182.5 | G50: ='실기환산(남)'!AU2 -> 910 | H50: =C50+G50 -> 1310 | I50: =VLOOKUP(B50,대학별점수!$B$3:$M$74,4,0) -> 1450 | J50: =VLOOKUP(B50,대학별점수!$B$3:$M$74,5,0) -> 1250 | K50: =VLOOKUP(B50,대학별점수!$B$3:$T$73,6,0) -> 18 | L50: =VLOOKUP(B50,대학별점수!$B$3:$M$74,7,0) -> 18 | M50: =VLOOKUP(B50,대학별점수!$B$3:$M$74,8,0) -> 18 | N50: =VLOOKUP(B50,대학별점수!$B$3:$M$74,9,0) -> 18 | O50: =VLOOKUP(B50,대학별점수!$B$3:$T$73,19,0) -> 9 | P50: =VLOOKUP(B50,대학별점수!$B$3:$V$74,18,0) -> 10 | Q50: =VLOOKUP(B50,대학별점수!$B$3:$V$74,17,0) -> 4 | R50: =VLOOKUP(B50,대학별점수!$B$3:$V$74,16,0) -> 4 | S50: =VLOOKUP(B50,대학별점수!$B$3:$V$74,20,0) -> 16.44 | T50: =VLOOKUP(B50,대학별점수!$B$3:$V$74,21,0) -> 15.56 | U50: 교과점수 반영 변경 자연 상승발생
A51: 경기 | B51: =대학별점수!B52 -> 을지대 스포츠아웃도어 | C51: ='내신(남)'!B50 -> 300 | D51: =VLOOKUP(B51,대학별점수!$B$3:$C$74,2,FALSE) -> 255.7 | E51: =VLOOKUP(B51,대학별점수!$B$3:$D$74,3,FALSE) -> 185.1 | F51: =C51-D51 -> 44.3 | G51: ='실기환산(남)'!AV2 -> 700 | H51: =C51+G51 -> 1000 | I51: =VLOOKUP(B51,대학별점수!$B$3:$M$74,4,0) -> 916 | J51: =VLOOKUP(B51,대학별점수!$B$3:$M$74,5,0) -> 892 | K51: =VLOOKUP(B51,대학별점수!$B$3:$T$73,6,0) -> - | L51: =VLOOKUP(B51,대학별점수!$B$3:$M$74,7,0) -> 0 | M51: =VLOOKUP(B51,대학별점수!$B$3:$M$74,8,0) -> 25 | N51: =VLOOKUP(B51,대학별점수!$B$3:$M$74,9,0) -> 27 | O51: =VLOOKUP(B51,대학별점수!$B$3:$T$73,19,0) -> 0 | P51: =VLOOKUP(B51,대학별점수!$B$3:$V$74,18,0) -> 0 | Q51: =VLOOKUP(B51,대학별점수!$B$3:$V$74,17,0) -> 26 | R51: =VLOOKUP(B51,대학별점수!$B$3:$V$74,16,0) -> 27 | S51: =VLOOKUP(B51,대학별점수!$B$3:$V$74,20,0) -> 0 | T51: =VLOOKUP(B51,대학별점수!$B$3:$V$74,21,0) -> 0 | U51: 폐지
A52: 인천 | B52: =대학별점수!B53 -> 인천대 운동건강 | C52: ='내신(남)'!B51 -> 200 | D52: =VLOOKUP(B52,대학별점수!$B$3:$C$74,2,FALSE) -> 194.6 | E52: =VLOOKUP(B52,대학별점수!$B$3:$D$74,3,FALSE) -> 190.1 | F52: =C52-D52 -> 5.4 | G52: ='실기환산(남)'!AX2 -> 300 | H52: =C52+G52 -> 500 | I52: =VLOOKUP(B52,대학별점수!$B$3:$M$74,4,0) -> 487.6 | J52: =VLOOKUP(B52,대학별점수!$B$3:$M$74,5,0) -> 483.1 | K52: =VLOOKUP(B52,대학별점수!$B$3:$T$73,6,0) -> 20 | L52: =VLOOKUP(B52,대학별점수!$B$3:$M$74,7,0) -> 20 | M52: =VLOOKUP(B52,대학별점수!$B$3:$M$74,8,0) -> 20 | N52: =VLOOKUP(B52,대학별점수!$B$3:$M$74,9,0) -> 24 | O52: =VLOOKUP(B52,대학별점수!$B$3:$T$73,19,0) -> 1 | P52: =VLOOKUP(B52,대학별점수!$B$3:$V$74,18,0) -> 4 | Q52: =VLOOKUP(B52,대학별점수!$B$3:$V$74,17,0) -> 7 | R52: =VLOOKUP(B52,대학별점수!$B$3:$V$74,16,0) -> 5 | S52: =VLOOKUP(B52,대학별점수!$B$3:$V$74,20,0) -> 16.05 | T52: =VLOOKUP(B52,대학별점수!$B$3:$V$74,21,0) -> 18.35 | U52: .
A53: 인천 | B53: =대학별점수!B54 -> 인천대 스포츠과학 | C53: ='내신(남)'!B52 -> 200 | D53: =VLOOKUP(B53,대학별점수!$B$3:$C$74,2,FALSE) -> 195.4 | E53: =VLOOKUP(B53,대학별점수!$B$3:$D$74,3,FALSE) -> 192.1 | F53: =C53-D53 -> 4.6 | G53: ='실기환산(남)'!AY2 -> 300 | H53: =C53+G53 -> 500 | I53: =VLOOKUP(B53,대학별점수!$B$3:$M$74,4,0) -> 488.4 | J53: =VLOOKUP(B53,대학별점수!$B$3:$M$74,5,0) -> 485.1 | K53: =VLOOKUP(B53,대학별점수!$B$3:$T$73,6,0) -> 27 | L53: =VLOOKUP(B53,대학별점수!$B$3:$M$74,7,0) -> 27 | M53: =VLOOKUP(B53,대학별점수!$B$3:$M$74,8,0) -> 27 | N53: =VLOOKUP(B53,대학별점수!$B$3:$M$74,9,0) -> 27 | O53: =VLOOKUP(B53,대학별점수!$B$3:$T$73,19,0) -> 4 | P53: =VLOOKUP(B53,대학별점수!$B$3:$V$74,18,0) -> 3 | Q53: =VLOOKUP(B53,대학별점수!$B$3:$V$74,17,0) -> 3 | R53: =VLOOKUP(B53,대학별점수!$B$3:$V$74,16,0) -> 6 | S53: =VLOOKUP(B53,대학별점수!$B$3:$V$74,20,0) -> 7.74 | T53: =VLOOKUP(B53,대학별점수!$B$3:$V$74,21,0) -> 8.37 | U53: .
A54: 인천 | B54: =대학별점수!B55 -> 인천대 체육교육 | C54: ='내신(남)'!B53 -> 200 | D54: =VLOOKUP(B54,대학별점수!$B$3:$C$74,2,FALSE) -> 198.4 | E54: =VLOOKUP(B54,대학별점수!$B$3:$D$74,3,FALSE) -> 197.1 | F54: =C54-D54 -> 1.6 | G54: ='실기환산(남)'!AW2 -> 200 | H54: =C54+G54 -> 400 | I54: =VLOOKUP(B54,대학별점수!$B$3:$M$74,4,0) -> 395.4 | J54: =VLOOKUP(B54,대학별점수!$B$3:$M$74,5,0) -> 392.4 | K54: =VLOOKUP(B54,대학별점수!$B$3:$T$73,6,0) -> 8 | L54: =VLOOKUP(B54,대학별점수!$B$3:$M$74,7,0) -> 7 | M54: =VLOOKUP(B54,대학별점수!$B$3:$M$74,8,0) -> 7 | N54: =VLOOKUP(B54,대학별점수!$B$3:$M$74,9,0) -> 6 | O54: =VLOOKUP(B54,대학별점수!$B$3:$T$73,19,0) -> 3 | P54: =VLOOKUP(B54,대학별점수!$B$3:$V$74,18,0) -> 0 | Q54: =VLOOKUP(B54,대학별점수!$B$3:$V$74,17,0) -> 1 | R54: =VLOOKUP(B54,대학별점수!$B$3:$V$74,16,0) -> 6 | S54: =VLOOKUP(B54,대학별점수!$B$3:$V$74,20,0) -> 15.29 | T54: =VLOOKUP(B54,대학별점수!$B$3:$V$74,21,0) -> 11.14 | U54: 턱걸이,매달리기 폐지 매던 신설
A55: 충남 | B55: =대학별점수!B56 -> 중부대 스포츠재활복지 | C55: ='내신(남)'!B54 -> 300 | D55: =VLOOKUP(B55,대학별점수!$B$3:$C$74,2,FALSE) -> 235 | E55: =VLOOKUP(B55,대학별점수!$B$3:$D$74,3,FALSE) -> 160 | F55: =C55-D55 -> 65 | G55: ='실기환산(남)'!AZ2 -> 700 | H55: =C55+G55 -> 1000 | I55: =VLOOKUP(B55,대학별점수!$B$3:$M$74,4,0) -> 882 | J55: =VLOOKUP(B55,대학별점수!$B$3:$M$74,5,0) -> 836 | K55: =VLOOKUP(B55,대학별점수!$B$3:$T$73,6,0) -> 10 | L55: =VLOOKUP(B55,대학별점수!$B$3:$M$74,7,0) -> 10 | M55: =VLOOKUP(B55,대학별점수!$B$3:$M$74,8,0) -> 26 | N55: =VLOOKUP(B55,대학별점수!$B$3:$M$74,9,0) -> 22 | O55: =VLOOKUP(B55,대학별점수!$B$3:$T$73,19,0) -> 25 | P55: =VLOOKUP(B55,대학별점수!$B$3:$V$74,18,0) -> 22 | Q55: =VLOOKUP(B55,대학별점수!$B$3:$V$74,17,0) -> 60 | R55: =VLOOKUP(B55,대학별점수!$B$3:$V$74,16,0) -> 101 | S55: =VLOOKUP(B55,대학별점수!$B$3:$V$74,20,0) -> 5.90 | T55: =VLOOKUP(B55,대학별점수!$B$3:$V$74,21,0) -> 2.19 | U55: 경쟁률과 컷라인 민감
A56: 충남 | B56: =대학별점수!B57 -> 중부대 스포츠건강관리 | C56: ='내신(남)'!B55 -> 300 | D56: =VLOOKUP(B56,대학별점수!$B$3:$C$74,2,FALSE) -> 220 | E56: =VLOOKUP(B56,대학별점수!$B$3:$D$74,3,FALSE) -> 160 | F56: =C56-D56 -> 80 | G56: ='실기환산(남)'!BA2 -> 700 | H56: =C56+G56 -> 1000 | I56: =VLOOKUP(B56,대학별점수!$B$3:$M$74,4,0) -> 848 | J56: =VLOOKUP(B56,대학별점수!$B$3:$M$74,5,0) -> 808 | K56: =VLOOKUP(B56,대학별점수!$B$3:$T$73,6,0) -> 12 | L56: =VLOOKUP(B56,대학별점수!$B$3:$M$74,7,0) -> 10 | M56: =VLOOKUP(B56,대학별점수!$B$3:$M$74,8,0) -> 21 | N56: =VLOOKUP(B56,대학별점수!$B$3:$M$74,9,0) -> 25 | O56: =VLOOKUP(B56,대학별점수!$B$3:$T$73,19,0) -> 35 | P56: =VLOOKUP(B56,대학별점수!$B$3:$V$74,18,0) -> 67 | Q56: =VLOOKUP(B56,대학별점수!$B$3:$V$74,17,0) -> 71 | R56: =VLOOKUP(B56,대학별점수!$B$3:$V$74,16,0) -> 78 | S56: =VLOOKUP(B56,대학별점수!$B$3:$V$74,20,0) -> 5.20 | T56: =VLOOKUP(B56,대학별점수!$B$3:$V$74,21,0) -> 4.86 | U56: 경쟁률과 컷라인 민감
A57: 충남 | B57: =대학별점수!B58 -> 중부대 특수체육교육 | C57: ='내신(남)'!B56 -> 600 | D57: =VLOOKUP(B57,대학별점수!$B$3:$C$74,2,FALSE) -> 280 | E57: =VLOOKUP(B57,대학별점수!$B$3:$D$74,3,FALSE) -> 225 | F57: =C57-D57 -> 320 | G57: ='실기환산(남)'!BB2 -> 700 | H57: =C57+G57 -> 1300 | I57: =VLOOKUP(B57,대학별점수!$B$3:$M$74,4,0) -> 955 | J57: =VLOOKUP(B57,대학별점수!$B$3:$M$74,5,0) -> 925 | K57: =VLOOKUP(B57,대학별점수!$B$3:$T$73,6,0) -> 18 | L57: =VLOOKUP(B57,대학별점수!$B$3:$M$74,7,0) -> 18 | M57: =VLOOKUP(B57,대학별점수!$B$3:$M$74,8,0) -> 18 | N57: =VLOOKUP(B57,대학별점수!$B$3:$M$74,9,0) -> 18 | O57: =VLOOKUP(B57,대학별점수!$B$3:$T$73,19,0) -> 31 | P57: =VLOOKUP(B57,대학별점수!$B$3:$V$74,18,0) -> 35 | Q57: =VLOOKUP(B57,대학별점수!$B$3:$V$74,17,0) -> 44 | R57: =VLOOKUP(B57,대학별점수!$B$3:$V$74,16,0) -> 29 | S57: =VLOOKUP(B57,대학별점수!$B$3:$V$74,20,0) -> 7.44 | T57: =VLOOKUP(B57,대학별점수!$B$3:$V$74,21,0) -> 8.67 | U57: .
A58: 충북 | B58: =대학별점수!B59 -> 중원대 스포츠경영학부 | C58: ='내신(남)'!B57 -> 200 | D58: =VLOOKUP(B58,대학별점수!$B$3:$C$74,2,FALSE) -> 134 | E58: =VLOOKUP(B58,대학별점수!$B$3:$D$74,3,FALSE) -> 104 | F58: =C58-D58 -> 66 | G58: ='실기환산(남)'!BC2 -> 800 | H58: =C58+G58 -> 1000 | I58: =VLOOKUP(B58,대학별점수!$B$3:$M$74,4,0) -> 0 | J58: =VLOOKUP(B58,대학별점수!$B$3:$M$74,5,0) -> 0 | K58: =VLOOKUP(B58,대학별점수!$B$3:$T$73,6,0) -> - | L58: =VLOOKUP(B58,대학별점수!$B$3:$M$74,7,0) -> 19 | M58: =VLOOKUP(B58,대학별점수!$B$3:$M$74,8,0) -> 15 | N58: =VLOOKUP(B58,대학별점수!$B$3:$M$74,9,0) -> 15 | O58: =VLOOKUP(B58,대학별점수!$B$3:$T$73,19,0) -> 0 | P58: =VLOOKUP(B58,대학별점수!$B$3:$V$74,18,0) -> - | Q58: =VLOOKUP(B58,대학별점수!$B$3:$V$74,17,0) -> 19 | R58: =VLOOKUP(B58,대학별점수!$B$3:$V$74,16,0) -> 79 | S58: =VLOOKUP(B58,대학별점수!$B$3:$V$74,20,0) -> 1.79 | T58: =VLOOKUP(B58,대학별점수!$B$3:$V$74,21,0) -> 3.6 | U58: 미선발
A59: 충북 | B59: =대학별점수!B60 -> 한국교통대 스포츠의학 | C59: ='내신(남)'!B58 -> 600 | D59: =VLOOKUP(B59,대학별점수!$B$3:$C$74,2,FALSE) -> 561 | E59: =VLOOKUP(B59,대학별점수!$B$3:$D$74,3,FALSE) -> 500 | F59: =C59-D59 -> 39 | G59: ='실기환산(남)'!BD2 -> 400 | H59: =C59+G59 -> 1000 | I59: =VLOOKUP(B59,대학별점수!$B$3:$M$74,4,0) -> 931 | J59: =VLOOKUP(B59,대학별점수!$B$3:$M$74,5,0) -> 900 | K59: =VLOOKUP(B59,대학별점수!$B$3:$T$73,6,0) -> 13 | L59: =VLOOKUP(B59,대학별점수!$B$3:$M$74,7,0) -> 13 | M59: =VLOOKUP(B59,대학별점수!$B$3:$M$74,8,0) -> 13 | N59: =VLOOKUP(B59,대학별점수!$B$3:$M$74,9,0) -> 27 | O59: =VLOOKUP(B59,대학별점수!$B$3:$T$73,19,0) -> 10 | P59: =VLOOKUP(B59,대학별점수!$B$3:$V$74,18,0) -> 10 | Q59: =VLOOKUP(B59,대학별점수!$B$3:$V$74,17,0) -> 34 | R59: =VLOOKUP(B59,대학별점수!$B$3:$V$74,16,0) -> 28 | S59: =VLOOKUP(B59,대학별점수!$B$3:$V$74,20,0) -> 5.54 | T59: =VLOOKUP(B59,대학별점수!$B$3:$V$74,21,0) -> 7.69 | U59: .
A60: 충북 | B60: =대학별점수!B61 -> 한국교통대 스포츠산업 | C60: ='내신(남)'!B59 -> 270 | D60: =VLOOKUP(B60,대학별점수!$B$3:$C$74,2,FALSE) -> 232 | E60: =VLOOKUP(B60,대학별점수!$B$3:$D$74,3,FALSE) -> 195 | F60: =C60-D60 -> 38 | G60: ='실기환산(남)'!BE2 -> 700 | H60: =C60+G60 -> 970 | I60: =VLOOKUP(B60,대학별점수!$B$3:$M$74,4,0) -> 897 | J60: =VLOOKUP(B60,대학별점수!$B$3:$M$74,5,0) -> 875 | K60: =VLOOKUP(B60,대학별점수!$B$3:$T$73,6,0) -> 10 | L60: =VLOOKUP(B60,대학별점수!$B$3:$M$74,7,0) -> 10 | M60: =VLOOKUP(B60,대학별점수!$B$3:$M$74,8,0) -> 11 | N60: =VLOOKUP(B60,대학별점수!$B$3:$M$74,9,0) -> _ | O60: =VLOOKUP(B60,대학별점수!$B$3:$T$73,19,0) -> 10 | P60: =VLOOKUP(B60,대학별점수!$B$3:$V$74,18,0) -> 10 | Q60: =VLOOKUP(B60,대학별점수!$B$3:$V$74,17,0) -> _ | R60: =VLOOKUP(B60,대학별점수!$B$3:$V$74,16,0) -> _ | S60: =VLOOKUP(B60,대학별점수!$B$3:$V$74,20,0) -> 9.60 | T60: =VLOOKUP(B60,대학별점수!$B$3:$V$74,21,0) -> 4.91 | U60: .
A61: 대전 | B61: =대학별점수!B68 -> 한남대 스포츠과학 | C61: ='내신(남)'!B66 -> 400 | D61: =VLOOKUP(B61,대학별점수!$B$3:$C$74,2,FALSE) -> 352 | E61: =VLOOKUP(B61,대학별점수!$B$3:$D$74,3,FALSE) -> 312 | F61: =C61-D61 -> 48 | G61: ='실기환산(남)'!BL2 -> 600 | H61: =C61+G61 -> 1000 | I61: =VLOOKUP(B61,대학별점수!$B$3:$M$74,4,0) -> 940 | J61: =VLOOKUP(B61,대학별점수!$B$3:$M$74,5,0) -> 912 | K61: =VLOOKUP(B61,대학별점수!$B$3:$T$73,6,0) -> 30 | L61: =VLOOKUP(B61,대학별점수!$B$3:$M$74,7,0) -> 30 | M61: =VLOOKUP(B61,대학별점수!$B$3:$M$74,8,0) -> 30 | N61: =VLOOKUP(B61,대학별점수!$B$3:$M$74,9,0) -> 30 | O61: =VLOOKUP(B61,대학별점수!$B$3:$T$73,19,0) -> 31 | P61: =VLOOKUP(B61,대학별점수!$B$3:$V$74,18,0) -> 55 | Q61: =VLOOKUP(B61,대학별점수!$B$3:$V$74,17,0) -> 15 | R61: =VLOOKUP(B61,대학별점수!$B$3:$V$74,16,0) -> 18 | S61: =VLOOKUP(B61,대학별점수!$B$3:$V$74,20,0) -> 7.53 | T61: =VLOOKUP(B61,대학별점수!$B$3:$V$74,21,0) -> 7.23 | U61: .
A62: 충남 | B62: =대학별점수!B69 -> 한서대 경호비서 | C62: ='내신(남)'!B67 -> 200 | D62: =VLOOKUP(B62,대학별점수!$B$3:$C$74,2,FALSE) -> 165 | E62: =VLOOKUP(B62,대학별점수!$B$3:$D$74,3,FALSE) -> 100 | F62: =C62-D62 -> 35 | G62: ='실기환산(남)'!BN2 -> 500 | H62: =C62+G62 -> 700 | I62: =VLOOKUP(B62,대학별점수!$B$3:$M$74,4,0) -> 580 | J62: =VLOOKUP(B62,대학별점수!$B$3:$M$74,5,0) -> 490 | K62: =VLOOKUP(B62,대학별점수!$B$3:$T$73,6,0) -> 25 | L62: =VLOOKUP(B62,대학별점수!$B$3:$M$74,7,0) -> 25 | M62: =VLOOKUP(B62,대학별점수!$B$3:$M$74,8,0) -> 20 | N62: =VLOOKUP(B62,대학별점수!$B$3:$M$74,9,0) -> 20 | O62: =VLOOKUP(B62,대학별점수!$B$3:$T$73,19,0) -> 15 | P62: =VLOOKUP(B62,대학별점수!$B$3:$V$74,18,0) -> 26 | Q62: =VLOOKUP(B62,대학별점수!$B$3:$V$74,17,0) -> 21 | R62: =VLOOKUP(B62,대학별점수!$B$3:$V$74,16,0) -> 30 | S62: =VLOOKUP(B62,대학별점수!$B$3:$V$74,20,0) -> 2.04 | T62: =VLOOKUP(B62,대학별점수!$B$3:$V$74,21,0) -> 2.75 | U62: 면접 제외 점수 면접 중요
A63: 충남 | B63: =대학별점수!B70 -> 한서대 레저해양스포츠 | C63: ='내신(남)'!B68 -> 200 | D63: =VLOOKUP(B63,대학별점수!$B$3:$C$74,2,FALSE) -> 170 | E63: =VLOOKUP(B63,대학별점수!$B$3:$D$74,3,FALSE) -> 100 | F63: =C63-D63 -> 30 | G63: ='실기환산(남)'!BM2 -> 800 | H63: =C63+G63 -> 1000 | I63: =VLOOKUP(B63,대학별점수!$B$3:$M$74,4,0) -> 880 | J63: =VLOOKUP(B63,대학별점수!$B$3:$M$74,5,0) -> 745 | K63: =VLOOKUP(B63,대학별점수!$B$3:$T$73,6,0) -> 45 | L63: =VLOOKUP(B63,대학별점수!$B$3:$M$74,7,0) -> 45 | M63: =VLOOKUP(B63,대학별점수!$B$3:$M$74,8,0) -> 40 | N63: =VLOOKUP(B63,대학별점수!$B$3:$M$74,9,0) -> 45 | O63: =VLOOKUP(B63,대학별점수!$B$3:$T$73,19,0) -> 72 | P63: =VLOOKUP(B63,대학별점수!$B$3:$V$74,18,0) -> 76 | Q63: =VLOOKUP(B63,대학별점수!$B$3:$V$74,17,0) -> 53 | R63: =VLOOKUP(B63,대학별점수!$B$3:$V$74,16,0) -> 72 | S63: =VLOOKUP(B63,대학별점수!$B$3:$V$74,20,0) -> 2.78 | T63: =VLOOKUP(B63,대학별점수!$B$3:$V$74,21,0) -> 2.98 | U63: 경쟁률과 컷라인 민감
A64: 경기 | B64: =대학별점수!B71 -> 한신대 특수체육 | C64: ='내신(남)'!B69 -> 600 | D64: =VLOOKUP(B64,대학별점수!$B$3:$C$74,2,FALSE) -> 583 | E64: =VLOOKUP(B64,대학별점수!$B$3:$D$74,3,FALSE) -> 573 | F64: =C64-D64 -> 17 | G64: ='실기환산(남)'!BO2 -> 400 | H64: =C64+G64 -> 1000 | I64: =VLOOKUP(B64,대학별점수!$B$3:$M$74,4,0) -> 980 | J64: =VLOOKUP(B64,대학별점수!$B$3:$M$74,5,0) -> 973 | K64: =VLOOKUP(B64,대학별점수!$B$3:$T$73,6,0) -> 22 | L64: =VLOOKUP(B64,대학별점수!$B$3:$M$74,7,0) -> 22 | M64: =VLOOKUP(B64,대학별점수!$B$3:$M$74,8,0) -> 22 | N64: =VLOOKUP(B64,대학별점수!$B$3:$M$74,9,0) -> 22 | O64: =VLOOKUP(B64,대학별점수!$B$3:$T$73,19,0) -> 27 | P64: =VLOOKUP(B64,대학별점수!$B$3:$V$74,18,0) -> 17 | Q64: =VLOOKUP(B64,대학별점수!$B$3:$V$74,17,0) -> 30 | R64: =VLOOKUP(B64,대학별점수!$B$3:$V$74,16,0) -> 17 | S64: =VLOOKUP(B64,대학별점수!$B$3:$V$74,20,0) -> 19.95 | T64: =VLOOKUP(B64,대학별점수!$B$3:$V$74,21,0) -> 15.09 | U64: 남자 만점 기준 강화 여자 만점 기준 완화
A65: 경기 | B65: =대학별점수!B72 -> 한양대(에) 스포츠과학 | C65: ='내신(남)'!B70 -> 0 | D65: =VLOOKUP(B65,대학별점수!$B$3:$C$74,2,FALSE) -> 0 | E65: =VLOOKUP(B65,대학별점수!$B$3:$D$74,3,FALSE) -> 0 | F65: =C65-D65 -> 0 | G65: ='실기환산(남)'!BP2 -> 400 | H65: =C65+G65 -> 400 | I65: =VLOOKUP(B65,대학별점수!$B$3:$M$74,4,0) -> 0 | J65: =VLOOKUP(B65,대학별점수!$B$3:$M$74,5,0) -> 0 | K65: =VLOOKUP(B65,대학별점수!$B$3:$T$73,6,0) -> 미선발 | L65: =VLOOKUP(B65,대학별점수!$B$3:$M$74,7,0) -> 32 | M65: =VLOOKUP(B65,대학별점수!$B$3:$M$74,8,0) -> 15 | N65: =VLOOKUP(B65,대학별점수!$B$3:$M$74,9,0) -> 15 | O65: =VLOOKUP(B65,대학별점수!$B$3:$T$73,19,0) -> 0 | P65: =VLOOKUP(B65,대학별점수!$B$3:$V$74,18,0) -> 2 | Q65: =VLOOKUP(B65,대학별점수!$B$3:$V$74,17,0) -> 1 | R65: =VLOOKUP(B65,대학별점수!$B$3:$V$74,16,0) -> 0 | S65: =VLOOKUP(B65,대학별점수!$B$3:$V$74,20,0) -> 146.07 | T65: =VLOOKUP(B65,대학별점수!$B$3:$V$74,21,0) -> 115.73 | U65: 전형 폐지
A66: 충남 | B66: =대학별점수!B73 -> 호서대 사회체육 | C66: ='내신(남)'!B71 -> 200 | D66: =VLOOKUP(B66,대학별점수!$B$3:$C$74,2,FALSE) -> 156 | E66: =VLOOKUP(B66,대학별점수!$B$3:$D$74,3,FALSE) -> 124 | F66: =C66-D66 -> 44 | G66: ='실기환산(남)'!BQ2 -> 800 | H66: =C66+G66 -> 1000 | I66: =VLOOKUP(B66,대학별점수!$B$3:$M$74,4,0) -> 940 | J66: =VLOOKUP(B66,대학별점수!$B$3:$M$74,5,0) -> 924 | K66: =VLOOKUP(B66,대학별점수!$B$3:$T$73,6,0) -> 19 | L66: =VLOOKUP(B66,대학별점수!$B$3:$M$74,7,0) -> 19 | M66: =VLOOKUP(B66,대학별점수!$B$3:$M$74,8,0) -> 19 | N66: =VLOOKUP(B66,대학별점수!$B$3:$M$74,9,0) -> 19 | O66: =VLOOKUP(B66,대학별점수!$B$3:$T$73,19,0) -> 37 | P66: =VLOOKUP(B66,대학별점수!$B$3:$V$74,18,0) -> 64 | Q66: =VLOOKUP(B66,대학별점수!$B$3:$V$74,17,0) -> 27 | R66: =VLOOKUP(B66,대학별점수!$B$3:$V$74,16,0) -> 30 | S66: =VLOOKUP(B66,대학별점수!$B$3:$V$74,20,0) -> 24.53 | T66: =VLOOKUP(B66,대학별점수!$B$3:$V$74,21,0) -> 15.09 | U66: 경쟁률과 컷라인 민감
A67: 지역 | B67: 대학명 | C67: 1단계내신 | D67: 1단계 평균점수 | E67: 1단계 90%점수 | F67: 내신환산점 과부족 | G67: 내실기점수 | I67: 합격자평균 실기점수 | J67: 합격자하위 실기점수 | K67: 2026 모집정원 | L67: 2025 모집정원 | M67: 2024 모집정원 | N67: 2023 모집정원 | O67: 2025 충원합격 | P67: 2024 충원합격 | Q67: 2023 충원합격 | R67: 2022 충원합격 | S67: 2025 경쟁률 | T67: 2024 경쟁률 | U67: 참고사항
A68: 서울 | B68: =대학별점수!B62 -> 한국체대 노인체육복지 | C68: ='내신(남)'!B60 -> 800 | D68: =VLOOKUP(B68,대학별점수!$B$3:$C$74,2,FALSE) -> 991.03 | E68: =VLOOKUP(B68,대학별점수!$B$3:$D$74,3,FALSE) -> 989.5 | F68: =C68-D68 -> -191.03 | G68: ='실기환산(남)'!BH2 -> 200 | I68: =VLOOKUP(B68,대학별점수!$B$3:$M$73,4,0) -> 173.68 | J68: =VLOOKUP(B68,대학별점수!$B$3:$M$73,5,0) -> 157.89 | K68: =VLOOKUP(B68,대학별점수!$B$3:$T$73,6,0) -> 7 | L68: =VLOOKUP(B68,대학별점수!$B$3:$M$73,7,0) -> 7 | M68: =VLOOKUP(B68,대학별점수!$B$3:$M$73,8,0) -> 7 | N68: =VLOOKUP(B68,대학별점수!$B$3:$M$73,9,0) -> 7 | O68: =VLOOKUP(B68,대학별점수!$B$3:$V$73,19,0) -> 0 | P68: =VLOOKUP(B68,대학별점수!$B$3:$V$73,18,0) -> 0 | Q68: =VLOOKUP(B68,대학별점수!$B$3:$V$73,17,0) -> _ | R68: =VLOOKUP(B68,대학별점수!$B$3:$V$73,16,0) -> _ | S68: =VLOOKUP(B68,대학별점수!$B$3:$V$74,20,0) -> 9.57 | T68: =VLOOKUP(B68,대학별점수!$B$3:$V$74,21,0) -> 13.14 | U68: .
A69: 서울 | B69: =대학별점수!B63 -> 한국체대 스포츠산업 | C69: ='내신(남)'!B61 -> 1000 | D69: =VLOOKUP(B69,대학별점수!$B$3:$C$74,2,FALSE) -> 991.2 | E69: =VLOOKUP(B69,대학별점수!$B$3:$D$74,3,FALSE) -> 989.4 | F69: =C69-D69 -> 8.8 | G69: ='실기환산(남)'!BI2 -> 300 | I69: =VLOOKUP(B69,대학별점수!$B$3:$M$73,4,0) -> 175.96 | J69: =VLOOKUP(B69,대학별점수!$B$3:$M$73,5,0) -> 157.02 | K69: =VLOOKUP(B69,대학별점수!$B$3:$T$73,6,0) -> 5 | L69: =VLOOKUP(B69,대학별점수!$B$3:$M$73,7,0) -> 10 | M69: =VLOOKUP(B69,대학별점수!$B$3:$M$73,8,0) -> 10 | N69: =VLOOKUP(B69,대학별점수!$B$3:$M$73,9,0) -> 10 | O69: =VLOOKUP(B69,대학별점수!$B$3:$V$73,19,0) -> 3 | P69: =VLOOKUP(B69,대학별점수!$B$3:$V$73,18,0) -> 1 | Q69: =VLOOKUP(B69,대학별점수!$B$3:$V$73,17,0) -> _ | R69: =VLOOKUP(B69,대학별점수!$B$3:$V$73,16,0) -> _ | S69: =VLOOKUP(B69,대학별점수!$B$3:$V$74,20,0) -> 19.60 | T69: =VLOOKUP(B69,대학별점수!$B$3:$V$74,21,0) -> 21.0 | U69: .
A70: 서울 | B70: =대학별점수!B64 -> 한국체대 사회체육 | C70: ='내신(남)'!B62 -> 1000 | D70: =VLOOKUP(B70,대학별점수!$B$3:$C$74,2,FALSE) -> 990.32 | E70: =VLOOKUP(B70,대학별점수!$B$3:$D$74,3,FALSE) -> 988.85 | F70: =C70-D70 -> 9.68 | G70: ='실기환산(남)'!BK2 -> 400 | I70: =VLOOKUP(B70,대학별점수!$B$3:$M$73,4,0) -> 355.95 | J70: =VLOOKUP(B70,대학별점수!$B$3:$M$73,5,0) -> 311.18 | K70: =VLOOKUP(B70,대학별점수!$B$3:$T$73,6,0) -> 10 | L70: =VLOOKUP(B70,대학별점수!$B$3:$M$73,7,0) -> 5 | M70: =VLOOKUP(B70,대학별점수!$B$3:$M$73,8,0) -> 5 | N70: =VLOOKUP(B70,대학별점수!$B$3:$M$73,9,0) -> 5 | O70: =VLOOKUP(B70,대학별점수!$B$3:$V$73,19,0) -> 0 | P70: =VLOOKUP(B70,대학별점수!$B$3:$V$73,18,0) -> 2 | Q70: =VLOOKUP(B70,대학별점수!$B$3:$V$73,17,0) -> _ | R70: =VLOOKUP(B70,대학별점수!$B$3:$V$73,16,0) -> _ | S70: =VLOOKUP(B70,대학별점수!$B$3:$V$74,20,0) -> 13.20 | T70: =VLOOKUP(B70,대학별점수!$B$3:$V$74,21,0) -> 11.6 | U70: .
A71: 서울 | B71: =대학별점수!B65 -> 한국체대 스포츠청소년지도 | C71: ='내신(남)'!B63 -> 999 | D71: =VLOOKUP(B71,대학별점수!$B$3:$C$74,2,FALSE) -> 991.45 | E71: =VLOOKUP(B71,대학별점수!$B$3:$D$74,3,FALSE) -> 990.15 | F71: =C71-D71 -> 7.55 | G71: ='실기환산(남)'!BG2 -> 200 | I71: =VLOOKUP(B71,대학별점수!$B$3:$M$73,4,0) -> 169.86 | J71: =VLOOKUP(B71,대학별점수!$B$3:$M$73,5,0) -> 145.62 | K71: =VLOOKUP(B71,대학별점수!$B$3:$T$73,6,0) -> 11 | L71: =VLOOKUP(B71,대학별점수!$B$3:$M$73,7,0) -> 11 | M71: =VLOOKUP(B71,대학별점수!$B$3:$M$73,8,0) -> 11 | N71: =VLOOKUP(B71,대학별점수!$B$3:$M$73,9,0) -> 11 | O71: =VLOOKUP(B71,대학별점수!$B$3:$V$73,19,0) -> 5 | P71: =VLOOKUP(B71,대학별점수!$B$3:$V$73,18,0) -> 0 | Q71: =VLOOKUP(B71,대학별점수!$B$3:$V$73,17,0) -> _ | R71: =VLOOKUP(B71,대학별점수!$B$3:$V$73,16,0) -> _ | S71: =VLOOKUP(B71,대학별점수!$B$3:$V$74,20,0) -> 10.45 | T71: =VLOOKUP(B71,대학별점수!$B$3:$V$74,21,0) -> 13.0 | U71: .
A72: 서울 | B72: =대학별점수!B66 -> 한국체대 운동건강 | C72: ='내신(남)'!B64 -> 990 | D72: =VLOOKUP(B72,대학별점수!$B$3:$C$74,2,FALSE) -> 995.31 | E72: =VLOOKUP(B72,대학별점수!$B$3:$D$74,3,FALSE) -> 992.85 | F72: =C72-D72 -> -5.31 | G72: ='실기환산(남)'!BF2 -> 300 | I72: =VLOOKUP(B72,대학별점수!$B$3:$M$73,4,0) -> 261.95 | J72: =VLOOKUP(B72,대학별점수!$B$3:$M$73,5,0) -> 242.11 | K72: =VLOOKUP(B72,대학별점수!$B$3:$T$73,6,0) -> 5 | L72: =VLOOKUP(B72,대학별점수!$B$3:$M$73,7,0) -> 10 | M72: =VLOOKUP(B72,대학별점수!$B$3:$M$73,8,0) -> 10 | N72: =VLOOKUP(B72,대학별점수!$B$3:$M$73,9,0) -> 10 | O72: =VLOOKUP(B72,대학별점수!$B$3:$V$73,19,0) -> 1 | P72: =VLOOKUP(B72,대학별점수!$B$3:$V$73,18,0) -> 0 | Q72: =VLOOKUP(B72,대학별점수!$B$3:$V$73,17,0) -> _ | R72: =VLOOKUP(B72,대학별점수!$B$3:$V$73,16,0) -> _ | S72: =VLOOKUP(B72,대학별점수!$B$3:$V$74,20,0) -> 7.70 | T72: =VLOOKUP(B72,대학별점수!$B$3:$V$74,21,0) -> 10.5 | U72: .
A73: 서울 | B73: =대학별점수!B67 -> 한국체대 특수체육교육 | C73: ='내신(남)'!B65 -> 989 | D73: =VLOOKUP(B73,대학별점수!$B$3:$C$74,2,FALSE) -> 994.61 | E73: =VLOOKUP(B73,대학별점수!$B$3:$D$74,3,FALSE) -> 992.4 | F73: =C73-D73 -> -5.61 | G73: ='실기환산(남)'!BJ2 -> 300 | I73: =VLOOKUP(B73,대학별점수!$B$3:$M$73,4,0) -> 253.05 | J73: =VLOOKUP(B73,대학별점수!$B$3:$M$73,5,0) -> 226.32 | K73: =VLOOKUP(B73,대학별점수!$B$3:$T$73,6,0) -> 19 | L73: =VLOOKUP(B73,대학별점수!$B$3:$M$73,7,0) -> 19 | M73: =VLOOKUP(B73,대학별점수!$B$3:$M$73,8,0) -> 19 | N73: =VLOOKUP(B73,대학별점수!$B$3:$M$73,9,0) -> 19 | O73: =VLOOKUP(B73,대학별점수!$B$3:$V$73,19,0) -> 6 | P73: =VLOOKUP(B73,대학별점수!$B$3:$V$73,18,0) -> 4 | Q73: =VLOOKUP(B73,대학별점수!$B$3:$V$73,17,0) -> _ | R73: =VLOOKUP(B73,대학별점수!$B$3:$V$73,16,0) -> _ | S73: =VLOOKUP(B73,대학별점수!$B$3:$V$74,20,0) -> 5.21 | T73: =VLOOKUP(B73,대학별점수!$B$3:$V$74,21,0) -> 5.63 | U73: 면접 중요

Sheet 상담(여)
C2: 상담학생 | E2: ='학생상담(여)'!E2 -> 고춘자
A4: 지역 | B4: 대학명 | C4: 내점수 | D4: 합격자 평균점수 | E4: 실시상위권 지원점수 | F4: 내신환산점 과부족 | G4: 내실기점수 | H4: 내총점 | I4: 안정점수 | J4: 기대점수 | K4: 2026 모집정원 | L4: 2025 모집정원 | M4: 2024 모집정원 | N4: 2023 모집정원 | O4: 2025 충원합격 | P4: 2024 충원합격 | Q4: 2023 충원합격 | R4: 2022 충원합격 | S4: 2025 경쟁률 | T4: 2024 경쟁률 | U4: 참고사항
A5: 경기 | B5: =대학별점수!B3 -> 가천대 체육 | C5: ='내신(여)'!B4 -> 300 | D5: =VLOOKUP(B5,대학별점수!$B$3:$C$74,2,FALSE) -> 294 | E5: =VLOOKUP(B5,대학별점수!$B$3:$D$74,3,FALSE) -> 273 | F5: =C5-D5 -> 6 | G5: ='실기환산(여)'!C2 -> 700 | H5: =C5+G5 -> 1000 | I5: =VLOOKUP(B5,대학별점수!$B$3:$M$73,4,0) -> 984 | J5: =VLOOKUP(B5,대학별점수!$B$3:$M$73,5,0) -> 973 | K5: =VLOOKUP(B5,대학별점수!$B$3:$V$73,6,0) -> 40 | L5: =VLOOKUP(B5,대학별점수!$B$3:$V$73,7,0) -> 40 | M5: =VLOOKUP(B5,대학별점수!$B$3:$V$73,8,0) -> 30 | N5: =VLOOKUP(B5,대학별점수!$B$3:$V$73,9,0) -> 20 | O5: =VLOOKUP(B5,대학별점수!$B$3:$V$73,19,0) -> 20 | P5: =VLOOKUP(B5,대학별점수!$B$3:$V$73,18,0) -> 37 | Q5: =VLOOKUP(B5,대학별점수!$B$3:$V$73,17,0) -> 3 | R5: =VLOOKUP(B5,대학별점수!$B$3:$V$73,16,0) -> 3 | S5: =VLOOKUP(B5,대학별점수!$B$3:$V$73,20,0) -> 49.18 | T5: =VLOOKUP(B5,대학별점수!$B$3:$V$73,21,0) -> 66.7 | U5: ='상담(남)'!U5 -> .
A6: 강원 | B6: =대학별점수!B4 -> 가톨릭관동대 체육교육 | C6: ='내신(여)'!B5 -> 700 | D6: =VLOOKUP(B6,대학별점수!$B$3:$C$74,2,FALSE) -> 661 | E6: =VLOOKUP(B6,대학별점수!$B$3:$D$74,3,FALSE) -> 621 | F6: =C6-D6 -> 39 | G6: ='실기환산(여)'!D2 -> 300 | H6: =C6+G6 -> 1000 | I6: =VLOOKUP(B6,대학별점수!$B$3:$M$73,4,0) -> 945 | J6: =VLOOKUP(B6,대학별점수!$B$3:$M$73,5,0) -> 921 | K6: =VLOOKUP(B6,대학별점수!$B$3:$V$73,6,0) -> 20 | L6: =VLOOKUP(B6,대학별점수!$B$3:$V$73,7,0) -> 20 | M6: =VLOOKUP(B6,대학별점수!$B$3:$V$73,8,0) -> 20 | N6: =VLOOKUP(B6,대학별점수!$B$3:$V$73,9,0) -> 20 | O6: =VLOOKUP(B6,대학별점수!$B$3:$V$73,19,0) -> 20 | P6: =VLOOKUP(B6,대학별점수!$B$3:$V$73,18,0) -> 27 | Q6: =VLOOKUP(B6,대학별점수!$B$3:$V$73,17,0) -> 32 | R6: =VLOOKUP(B6,대학별점수!$B$3:$V$73,16,0) -> 34 | S6: =VLOOKUP(B6,대학별점수!$B$3:$V$73,20,0) -> 8.05 | T6: =VLOOKUP(B6,대학별점수!$B$3:$V$73,21,0) -> 6.45 | U6: ='상담(남)'!U6 -> 내신8과목에서 12과목 반영
A7: 강원 | B7: =대학별점수!B5 -> 가톨릭관동대 스포츠레저 | C7: ='내신(여)'!B6 -> 600 | D7: =VLOOKUP(B7,대학별점수!$B$3:$C$74,2,FALSE) -> 485 | E7: =VLOOKUP(B7,대학별점수!$B$3:$D$74,3,FALSE) -> 414 | F7: =C7-D7 -> 115 | G7: ='실기환산(여)'!E2 -> 400 | H7: =C7+G7 -> 1000 | I7: =VLOOKUP(B7,대학별점수!$B$3:$M$73,4,0) -> 835 | J7: =VLOOKUP(B7,대학별점수!$B$3:$M$73,5,0) -> 814 | K7: =VLOOKUP(B7,대학별점수!$B$3:$V$73,6,0) -> 41 | L7: =VLOOKUP(B7,대학별점수!$B$3:$V$73,7,0) -> 40 | M7: =VLOOKUP(B7,대학별점수!$B$3:$V$73,8,0) -> 40 | N7: =VLOOKUP(B7,대학별점수!$B$3:$V$73,9,0) -> 96 | O7: =VLOOKUP(B7,대학별점수!$B$3:$V$73,19,0) -> 59 | P7: =VLOOKUP(B7,대학별점수!$B$3:$V$73,18,0) -> 7 | Q7: =VLOOKUP(B7,대학별점수!$B$3:$V$73,17,0) -> _ | R7: =VLOOKUP(B7,대학별점수!$B$3:$V$73,16,0) -> 64 | S7: =VLOOKUP(B7,대학별점수!$B$3:$V$73,20,0) -> 2.68 | T7: =VLOOKUP(B7,대학별점수!$B$3:$V$73,21,0) -> 1.3 | U7: ='상담(남)'!U7 -> 내신8과목에서 12과목 반영
A8: 강원 | B8: =대학별점수!B6 -> 가톨릭관동대 스포츠재활의학 | C8: ='내신(여)'!B7 -> 600 | D8: =VLOOKUP(B8,대학별점수!$B$3:$C$74,2,FALSE) -> 500 | E8: =VLOOKUP(B8,대학별점수!$B$3:$D$74,3,FALSE) -> 455 | F8: =C8-D8 -> 100 | G8: ='실기환산(여)'!F2 -> 400 | H8: =C8+G8 -> 1000 | I8: =VLOOKUP(B8,대학별점수!$B$3:$M$73,4,0) -> 878 | J8: =VLOOKUP(B8,대학별점수!$B$3:$M$73,5,0) -> 855 | K8: =VLOOKUP(B8,대학별점수!$B$3:$V$73,6,0) -> 40 | L8: =VLOOKUP(B8,대학별점수!$B$3:$V$73,7,0) -> 40 | M8: =VLOOKUP(B8,대학별점수!$B$3:$V$73,8,0) -> 31 | N8: =VLOOKUP(B8,대학별점수!$B$3:$V$73,9,0) -> 0 | O8: =VLOOKUP(B8,대학별점수!$B$3:$V$73,19,0) -> 46 | P8: =VLOOKUP(B8,대학별점수!$B$3:$V$73,18,0) -> 49 | Q8: =VLOOKUP(B8,대학별점수!$B$3:$V$73,17,0) -> _ | R8: =VLOOKUP(B8,대학별점수!$B$3:$V$73,16,0) -> 57 | S8: =VLOOKUP(B8,대학별점수!$B$3:$V$73,20,0) -> 5.28 | T8: =VLOOKUP(B8,대학별점수!$B$3:$V$73,21,0) -> 3.6 | U8: ='상담(남)'!U8 -> 실기만점기준 상향 조정
A9: 경기 | B9: =대학별점수!B7 -> 강남대 체육 | C9: ='내신(여)'!B8 -> 300 | D9: =VLOOKUP(B9,대학별점수!$B$3:$C$74,2,FALSE) -> 291 | E9: =VLOOKUP(B9,대학별점수!$B$3:$D$74,3,FALSE) -> 271 | F9: =C9-D9 -> 9 | G9: ='실기환산(여)'!G2 -> 688 | H9: =C9+G9 -> 988 | I9: =VLOOKUP(B9,대학별점수!$B$3:$M$73,4,0) -> 979 | J9: =VLOOKUP(B9,대학별점수!$B$3:$M$73,5,0) -> 971 | K9: =VLOOKUP(B9,대학별점수!$B$3:$V$73,6,0) -> 29 | L9: =VLOOKUP(B9,대학별점수!$B$3:$V$73,7,0) -> 29 | M9: =VLOOKUP(B9,대학별점수!$B$3:$V$73,8,0) -> 29 | N9: =VLOOKUP(B9,대학별점수!$B$3:$V$73,9,0) -> 29 | O9: =VLOOKUP(B9,대학별점수!$B$3:$V$73,19,0) -> 36 | P9: =VLOOKUP(B9,대학별점수!$B$3:$V$73,18,0) -> 38 | Q9: =VLOOKUP(B9,대학별점수!$B$3:$V$73,17,0) -> 38 | R9: =VLOOKUP(B9,대학별점수!$B$3:$V$73,16,0) -> 19 | S9: =VLOOKUP(B9,대학별점수!$B$3:$V$73,20,0) -> 23.62 | T9: =VLOOKUP(B9,대학별점수!$B$3:$V$73,21,0) -> 16.79 | U9: ='상담(남)'!U9 -> 내신반영변경,실기급간점수 변경
A10: 충북 | B10: =대학별점수!B8 -> 건국대(글) 스포츠건강 | C10: ='내신(여)'!B9 -> 200 | D10: =VLOOKUP(B10,대학별점수!$B$3:$C$74,2,FALSE) -> 165 | E10: =VLOOKUP(B10,대학별점수!$B$3:$D$74,3,FALSE) -> 121 | F10: =C10-D10 -> 35 | G10: ='실기환산(여)'!H2 -> 720 | H10: =C10+G10 -> 920 | I10: =VLOOKUP(B10,대학별점수!$B$3:$M$73,4,0) -> 951 | J10: =VLOOKUP(B10,대학별점수!$B$3:$M$73,5,0) -> 921 | K10: =VLOOKUP(B10,대학별점수!$B$3:$V$73,6,0) -> 20 | L10: =VLOOKUP(B10,대학별점수!$B$3:$V$73,7,0) -> 20 | M10: =VLOOKUP(B10,대학별점수!$B$3:$V$73,8,0) -> 22 | N10: =VLOOKUP(B10,대학별점수!$B$3:$V$73,9,0) -> 18 | O10: =VLOOKUP(B10,대학별점수!$B$3:$V$73,19,0) -> 15 | P10: =VLOOKUP(B10,대학별점수!$B$3:$V$73,18,0) -> 15 | Q10: =VLOOKUP(B10,대학별점수!$B$3:$V$73,17,0) -> 9 | R10: =VLOOKUP(B10,대학별점수!$B$3:$V$73,16,0) -> 8 | S10: =VLOOKUP(B10,대학별점수!$B$3:$V$73,20,0) -> 28.35 | T10: =VLOOKUP(B10,대학별점수!$B$3:$V$73,21,0) -> 17.09 | U10: ='상담(남)'!U10 -> 여자제멀, 남녀 농구 만점상향 조정
A11: 경기 | B11: =대학별점수!B9 -> 경기대 스포츠과학 | C11: ='내신(여)'!B10 -> 39.8 | D11: =VLOOKUP(B11,대학별점수!$B$3:$C$74,2,FALSE) -> 29.49 | E11: =VLOOKUP(B11,대학별점수!$B$3:$D$74,3,FALSE) -> 29.17 | F11: =C11-D11 -> 10.31 | G11: ='실기환산(여)'!I2 -> 70 | H11: =C11+G11 -> 109.8 | I11: =VLOOKUP(B11,대학별점수!$B$3:$M$73,4,0) -> 99.3 | J11: =VLOOKUP(B11,대학별점수!$B$3:$M$73,5,0) -> 99.17 | K11: =VLOOKUP(B11,대학별점수!$B$3:$V$73,6,0) -> 19 | L11: =VLOOKUP(B11,대학별점수!$B$3:$V$73,7,0) -> 10 | M11: =VLOOKUP(B11,대학별점수!$B$3:$V$73,8,0) -> 10 | N11: =VLOOKUP(B11,대학별점수!$B$3:$V$73,9,0) -> 10 | O11: =VLOOKUP(B11,대학별점수!$B$3:$V$73,19,0) -> 13 | P11: =VLOOKUP(B11,대학별점수!$B$3:$V$73,18,0) -> 4 | Q11: =VLOOKUP(B11,대학별점수!$B$3:$V$73,17,0) -> 15 | R11: =VLOOKUP(B11,대학별점수!$B$3:$V$73,16,0) -> 23신설 | S11: =VLOOKUP(B11,대학별점수!$B$3:$V$73,20,0) -> 62.00 | T11: =VLOOKUP(B11,대학별점수!$B$3:$V$73,21,0) -> 20.1 | U11: ='상담(남)'!U11 -> 만점기준 강화 실기반영(10%) 증가
A12: 경기 | B12: =대학별점수!B10 -> 경기대 체육 | C12: ='내신(여)'!B11 -> 36.55 | D12: =VLOOKUP(B12,대학별점수!$B$3:$C$74,2,FALSE) -> 0 | E12: =VLOOKUP(B12,대학별점수!$B$3:$D$74,3,FALSE) -> 0 | F12: =C12-D12 -> 36.55 | G12: ='실기환산(여)'!J2 -> 60 | H12: =C12+G12 -> 96.55 | I12: =VLOOKUP(B12,대학별점수!$B$3:$M$73,4,0) -> 0 | J12: =VLOOKUP(B12,대학별점수!$B$3:$M$73,5,0) -> 0 | K12: =VLOOKUP(B12,대학별점수!$B$3:$V$73,6,0) -> 미선발 | L12: =VLOOKUP(B12,대학별점수!$B$3:$V$73,7,0) -> 0 | M12: =VLOOKUP(B12,대학별점수!$B$3:$V$73,8,0) -> 5 | N12: =VLOOKUP(B12,대학별점수!$B$3:$V$73,9,0) -> 5 | O12: =VLOOKUP(B12,대학별점수!$B$3:$V$73,19,0) -> 미선발 | P12: =VLOOKUP(B12,대학별점수!$B$3:$V$73,18,0) -> 3 | Q12: =VLOOKUP(B12,대학별점수!$B$3:$V$73,17,0) -> 3 | R12: =VLOOKUP(B12,대학별점수!$B$3:$V$73,16,0) -> 23신설 | S12: =VLOOKUP(B12,대학별점수!$B$3:$V$73,20,0) -> 0 | T12: =VLOOKUP(B12,대학별점수!$B$3:$V$73,21,0) -> 9.0 | U12: ='상담(남)'!U12 -> 수시 폐지 2027 모집정원 전원 수시선발
A13: 충북 | B13: =대학별점수!B11 -> 극동대 스포츠재활 | C13: ='내신(여)'!B12 -> 200 | D13: =VLOOKUP(B13,대학별점수!$B$3:$C$74,2,FALSE) -> 160 | E13: =VLOOKUP(B13,대학별점수!$B$3:$D$74,3,FALSE) -> 116 | F13: =C13-D13 -> 40 | G13: ='실기환산(여)'!K2 -> 800 | H13: =C13+G13 -> 1000 | I13: =VLOOKUP(B13,대학별점수!$B$3:$M$73,4,0) -> 920 | J13: =VLOOKUP(B13,대학별점수!$B$3:$M$73,5,0) -> 889.33 | K13: =VLOOKUP(B13,대학별점수!$B$3:$V$73,6,0) -> 29 | L13: =VLOOKUP(B13,대학별점수!$B$3:$V$73,7,0) -> 16 | M13: =VLOOKUP(B13,대학별점수!$B$3:$V$73,8,0) -> 26 | N13: =VLOOKUP(B13,대학별점수!$B$3:$V$73,9,0) -> 30 | O13: =VLOOKUP(B13,대학별점수!$B$3:$V$73,19,0) -> 1 | P13: =VLOOKUP(B13,대학별점수!$B$3:$V$73,18,0) -> 미달 | Q13: =VLOOKUP(B13,대학별점수!$B$3:$V$73,17,0) -> _ | R13: =VLOOKUP(B13,대학별점수!$B$3:$V$73,16,0) -> 12 | S13: =VLOOKUP(B13,대학별점수!$B$3:$V$73,20,0) -> 2.44 | T13: =VLOOKUP(B13,대학별점수!$B$3:$V$73,21,0) -> 0.92 | U13: ='상담(남)'!U13 -> 실기 4종목 중 3종목 반영/ 경쟁률에 따른 컷라인 예측 불가
A14: 충남 | B14: =대학별점수!B12 -> 나사렛대 재활스포츠 | C14: ='내신(여)'!B13 -> 100 | D14: =VLOOKUP(B14,대학별점수!$B$3:$C$74,2,FALSE) -> 85 | E14: =VLOOKUP(B14,대학별점수!$B$3:$D$74,3,FALSE) -> 72 | F14: =C14-D14 -> 15 | G14: ='실기환산(여)'!L2 -> 900 | H14: =C14+G14 -> 1000 | I14: =VLOOKUP(B14,대학별점수!$B$3:$M$73,4,0) -> 965 | J14: =VLOOKUP(B14,대학별점수!$B$3:$M$73,5,0) -> 923 | K14: =VLOOKUP(B14,대학별점수!$B$3:$V$73,6,0) -> 55 | L14: =VLOOKUP(B14,대학별점수!$B$3:$V$73,7,0) -> 30 | M14: =VLOOKUP(B14,대학별점수!$B$3:$V$73,8,0) -> 30 | N14: =VLOOKUP(B14,대학별점수!$B$3:$V$73,9,0) -> 30 | O14: =VLOOKUP(B14,대학별점수!$B$3:$V$73,19,0) -> 39 | P14: =VLOOKUP(B14,대학별점수!$B$3:$V$73,18,0) -> 48 | Q14: =VLOOKUP(B14,대학별점수!$B$3:$V$73,17,0) -> 26 | R14: =VLOOKUP(B14,대학별점수!$B$3:$V$73,16,0) -> 17 | S14: =VLOOKUP(B14,대학별점수!$B$3:$V$73,20,0) -> 13.20 | T14: =VLOOKUP(B14,대학별점수!$B$3:$V$73,21,0) -> 12.67 | U14: ='상담(남)'!U14 -> 모집정원 대폭증가 컷라인 내려가라~
A15: 충남 | B15: =대학별점수!B13 -> 남서울대 스포츠건강관리 | C15: ='내신(여)'!B14 -> 300 | D15: =VLOOKUP(B15,대학별점수!$B$3:$C$74,2,FALSE) -> 210 | E15: =VLOOKUP(B15,대학별점수!$B$3:$D$74,3,FALSE) -> 154 | F15: =C15-D15 -> 90 | G15: ='실기환산(여)'!M2 -> 700 | H15: =C15+G15 -> 1000 | I15: =VLOOKUP(B15,대학별점수!$B$3:$M$73,4,0) -> 851 | J15: =VLOOKUP(B15,대학별점수!$B$3:$M$73,5,0) -> 805 | K15: =VLOOKUP(B15,대학별점수!$B$3:$V$73,6,0) -> 42 | L15: =VLOOKUP(B15,대학별점수!$B$3:$V$73,7,0) -> 41 | M15: =VLOOKUP(B15,대학별점수!$B$3:$V$73,8,0) -> 36 | N15: =VLOOKUP(B15,대학별점수!$B$3:$V$73,9,0) -> 38 | O15: =VLOOKUP(B15,대학별점수!$B$3:$V$73,19,0) -> 52 | P15: =VLOOKUP(B15,대학별점수!$B$3:$V$73,18,0) -> 86 | Q15: =VLOOKUP(B15,대학별점수!$B$3:$V$73,17,0) -> 100 | R15: =VLOOKUP(B15,대학별점수!$B$3:$V$73,16,0) -> 48 | S15: =VLOOKUP(B15,대학별점수!$B$3:$V$73,20,0) -> 7.76 | T15: =VLOOKUP(B15,대학별점수!$B$3:$V$73,21,0) -> 6.22 | U15: ='상담(남)'!U15 -> 좌전굴 폐지 매던 신설
A16: 충남 | B16: =대학별점수!B14 -> 남서울대 스포츠비즈니스 | C16: ='내신(여)'!B15 -> 300 | D16: =VLOOKUP(B16,대학별점수!$B$3:$C$74,2,FALSE) -> 210 | E16: =VLOOKUP(B16,대학별점수!$B$3:$D$74,3,FALSE) -> 136 | F16: =C16-D16 -> 90 | G16: ='실기환산(여)'!N2 -> 700 | H16: =C16+G16 -> 1000 | I16: =VLOOKUP(B16,대학별점수!$B$3:$M$73,4,0) -> 840 | J16: =VLOOKUP(B16,대학별점수!$B$3:$M$73,5,0) -> 784 | K16: =VLOOKUP(B16,대학별점수!$B$3:$V$73,6,0) -> 42 | L16: =VLOOKUP(B16,대학별점수!$B$3:$V$73,7,0) -> 40 | M16: =VLOOKUP(B16,대학별점수!$B$3:$V$73,8,0) -> 35 | N16: =VLOOKUP(B16,대학별점수!$B$3:$V$73,9,0) -> 38 | O16: =VLOOKUP(B16,대학별점수!$B$3:$V$73,19,0) -> 37 | P16: =VLOOKUP(B16,대학별점수!$B$3:$V$73,18,0) -> 50 | Q16: =VLOOKUP(B16,대학별점수!$B$3:$V$73,17,0) -> 74 | R16: =VLOOKUP(B16,대학별점수!$B$3:$V$73,16,0) -> 43 | S16: =VLOOKUP(B16,대학별점수!$B$3:$V$73,20,0) -> 4.93 | T16: =VLOOKUP(B16,대학별점수!$B$3:$V$73,21,0) -> 4.74 | U16: ='상담(남)'!U16 -> 3종목 모두 반영으로 총점 하향???
A17: 경기 | B17: 단국대 체육교육 | C17: ='내신(여)'!B16 -> 0 | D17: =VLOOKUP(B17,대학별점수!$B$3:$C$74,2,FALSE) -> 686 | E17: =VLOOKUP(B17,대학별점수!$B$3:$D$74,3,FALSE) -> 668 | F17: =C17-D17 -> -686 | G17: ='실기환산(여)'!O2 -> 352 | H17: =C17+G17 -> 352 | I17: =VLOOKUP(B17,대학별점수!$B$3:$M$73,4,0) -> 982 | J17: =VLOOKUP(B17,대학별점수!$B$3:$M$73,5,0) -> 968 | K17: =VLOOKUP(B17,대학별점수!$B$3:$V$73,6,0) -> 10 | L17: =VLOOKUP(B17,대학별점수!$B$3:$V$73,7,0) -> 10 | M17: =VLOOKUP(B17,대학별점수!$B$3:$V$73,8,0) -> 0 | N17: =VLOOKUP(B17,대학별점수!$B$3:$V$73,9,0) -> 0 | O17: =VLOOKUP(B17,대학별점수!$B$3:$V$73,19,0) -> 2 | P17: =VLOOKUP(B17,대학별점수!$B$3:$V$73,18,0) -> 0 | Q17: =VLOOKUP(B17,대학별점수!$B$3:$V$73,17,0) -> 0 | R17: =VLOOKUP(B17,대학별점수!$B$3:$V$73,16,0) -> 0 | S17: =VLOOKUP(B17,대학별점수!$B$3:$V$73,20,0) -> 42.50 | T17: =VLOOKUP(B17,대학별점수!$B$3:$V$73,21,0) -> 0
A18: 충남 | B18: =대학별점수!B16 -> 단국대 생활체육 | C18: ='내신(여)'!B17 -> 197.5 | D18: =VLOOKUP(B18,대학별점수!$B$3:$C$74,2,FALSE) -> 190 | E18: =VLOOKUP(B18,대학별점수!$B$3:$D$74,3,FALSE) -> 180 | F18: =C18-D18 -> 7.5 | G18: ='실기환산(여)'!P2 -> 800 | H18: =C18+G18 -> 997.5 | I18: =VLOOKUP(B18,대학별점수!$B$3:$M$73,4,0) -> 990 | J18: =VLOOKUP(B18,대학별점수!$B$3:$M$73,5,0) -> 980 | K18: =VLOOKUP(B18,대학별점수!$B$3:$V$73,6,0) -> 14 | L18: =VLOOKUP(B18,대학별점수!$B$3:$V$73,7,0) -> 14 | M18: =VLOOKUP(B18,대학별점수!$B$3:$V$73,8,0) -> 15 | N18: =VLOOKUP(B18,대학별점수!$B$3:$V$73,9,0) -> 15 | O18: =VLOOKUP(B18,대학별점수!$B$3:$V$73,19,0) -> 12 | P18: =VLOOKUP(B18,대학별점수!$B$3:$V$73,18,0) -> 8 | Q18: =VLOOKUP(B18,대학별점수!$B$3:$V$73,17,0) -> 3 | R18: =VLOOKUP(B18,대학별점수!$B$3:$V$73,16,0) -> 23신설 | S18: =VLOOKUP(B18,대학별점수!$B$3:$V$73,20,0) -> 42.36 | T18: =VLOOKUP(B18,대학별점수!$B$3:$V$73,21,0) -> 34.6 | U18: ='상담(남)'!U18 -> .
A19: 충남 | B19: =대학별점수!B17 -> 단국대 운동처방재활 | C19: ='내신(여)'!B18 -> 197.5 | D19: =VLOOKUP(B19,대학별점수!$B$3:$C$74,2,FALSE) -> 194.8 | E19: =VLOOKUP(B19,대학별점수!$B$3:$D$74,3,FALSE) -> 192.2 | F19: =C19-D19 -> 2.7 | G19: ='실기환산(여)'!Q2 -> 800 | H19: =C19+G19 -> 997.5 | I19: =VLOOKUP(B19,대학별점수!$B$3:$M$73,4,0) -> 0 | J19: =VLOOKUP(B19,대학별점수!$B$3:$M$73,5,0) -> 0 | K19: =VLOOKUP(B19,대학별점수!$B$3:$V$73,6,0) -> 미선발 | L19: =VLOOKUP(B19,대학별점수!$B$3:$V$73,7,0) -> 5 | M19: =VLOOKUP(B19,대학별점수!$B$3:$V$73,8,0) -> 5 | N19: =VLOOKUP(B19,대학별점수!$B$3:$V$73,9,0) -> 6 | O19: =VLOOKUP(B19,대학별점수!$B$3:$V$73,19,0) -> 5 | P19: =VLOOKUP(B19,대학별점수!$B$3:$V$73,18,0) -> 4 | Q19: =VLOOKUP(B19,대학별점수!$B$3:$V$73,17,0) -> 1 | R19: =VLOOKUP(B19,대학별점수!$B$3:$V$73,16,0) -> 23신설 | S19: =VLOOKUP(B19,대학별점수!$B$3:$V$73,20,0) -> 36.20 | T19: =VLOOKUP(B19,대학별점수!$B$3:$V$73,21,0) -> 27.4 | U19: ='상담(남)'!U19 -> 실기전형 미선발/교과전형 선발
A20: 대전 | B20: =대학별점수!B18 -> 대전대 스포츠건강재활 | C20: ='내신(여)'!B19 -> 400 | D20: =VLOOKUP(B20,대학별점수!$B$3:$C$74,2,FALSE) -> 352 | E20: =VLOOKUP(B20,대학별점수!$B$3:$D$74,3,FALSE) -> 330 | F20: =C20-D20 -> 48 | G20: ='실기환산(여)'!R2 -> 600 | H20: =C20+G20 -> 1000 | I20: =VLOOKUP(B20,대학별점수!$B$3:$M$73,4,0) -> 942 | J20: =VLOOKUP(B20,대학별점수!$B$3:$M$73,5,0) -> 930 | K20: =VLOOKUP(B20,대학별점수!$B$3:$V$73,6,0) -> 27 | L20: =VLOOKUP(B20,대학별점수!$B$3:$V$73,7,0) -> 25 | M20: =VLOOKUP(B20,대학별점수!$B$3:$V$73,8,0) -> 25 | N20: =VLOOKUP(B20,대학별점수!$B$3:$V$73,9,0) -> 25 | O20: =VLOOKUP(B20,대학별점수!$B$3:$V$73,19,0) -> 28 | P20: =VLOOKUP(B20,대학별점수!$B$3:$V$73,18,0) -> 37 | Q20: =VLOOKUP(B20,대학별점수!$B$3:$V$73,17,0) -> 54 | R20: =VLOOKUP(B20,대학별점수!$B$3:$V$73,16,0) -> 42 | S20: =VLOOKUP(B20,대학별점수!$B$3:$V$73,20,0) -> 8.88 | T20: =VLOOKUP(B20,대학별점수!$B$3:$V$73,21,0) -> 7.96 | U20: ='상담(남)'!U20 -> .
A21: 대전 | B21: =대학별점수!B19 -> 대전대 스포츠운동과학 | C21: ='내신(여)'!B20 -> 400 | D21: =VLOOKUP(B21,대학별점수!$B$3:$C$74,2,FALSE) -> 348 | E21: =VLOOKUP(B21,대학별점수!$B$3:$D$74,3,FALSE) -> 320 | F21: =C21-D21 -> 52 | G21: ='실기환산(여)'!S2 -> 600 | H21: =C21+G21 -> 1000 | I21: =VLOOKUP(B21,대학별점수!$B$3:$M$73,4,0) -> 938 | J21: =VLOOKUP(B21,대학별점수!$B$3:$M$73,5,0) -> 920 | K21: =VLOOKUP(B21,대학별점수!$B$3:$V$73,6,0) -> 32 | L21: =VLOOKUP(B21,대학별점수!$B$3:$V$73,7,0) -> 32 | M21: =VLOOKUP(B21,대학별점수!$B$3:$V$73,8,0) -> 23 | N21: =VLOOKUP(B21,대학별점수!$B$3:$V$73,9,0) -> 20 | O21: =VLOOKUP(B21,대학별점수!$B$3:$V$73,19,0) -> 22 | P21: =VLOOKUP(B21,대학별점수!$B$3:$V$73,18,0) -> 35 | Q21: =VLOOKUP(B21,대학별점수!$B$3:$V$73,17,0) -> 30 | R21: =VLOOKUP(B21,대학별점수!$B$3:$V$73,16,0) -> 37 | S21: =VLOOKUP(B21,대학별점수!$B$3:$V$73,20,0) -> 3.81 | T21: =VLOOKUP(B21,대학별점수!$B$3:$V$73,21,0) -> 4.52 | U21: ='상담(남)'!U21 -> .
A22: 경기 | B22: =대학별점수!B20 -> 대진대 스포츠겅강과학 | C22: ='내신(여)'!B21 -> 200 | D22: =VLOOKUP(B22,대학별점수!$B$3:$C$74,2,FALSE) -> 184 | E22: =VLOOKUP(B22,대학별점수!$B$3:$D$74,3,FALSE) -> 179.3 | F22: =C22-D22 -> 16 | G22: ='실기환산(여)'!T2 -> 800 | H22: =C22+G22 -> 1000 | I22: =VLOOKUP(B22,대학별점수!$B$3:$M$73,4,0) -> 984 | J22: =VLOOKUP(B22,대학별점수!$B$3:$M$73,5,0) -> 979.3 | K22: =VLOOKUP(B22,대학별점수!$B$3:$V$73,6,0) -> 25 | L22: =VLOOKUP(B22,대학별점수!$B$3:$V$73,7,0) -> 25 | M22: =VLOOKUP(B22,대학별점수!$B$3:$V$73,8,0) -> 25 | N22: =VLOOKUP(B22,대학별점수!$B$3:$V$73,9,0) -> 22 | O22: =VLOOKUP(B22,대학별점수!$B$3:$V$73,19,0) -> 22 | P22: =VLOOKUP(B22,대학별점수!$B$3:$V$73,18,0) -> 32 | Q22: =VLOOKUP(B22,대학별점수!$B$3:$V$73,17,0) -> 33 | R22: =VLOOKUP(B22,대학별점수!$B$3:$V$73,16,0) -> 21 | S22: =VLOOKUP(B22,대학별점수!$B$3:$V$73,20,0) -> 10.48 | T22: =VLOOKUP(B22,대학별점수!$B$3:$V$73,21,0) -> 6.88 | U22: ='상담(남)'!U22 -> 진로선택3과목 반영에서 5과목 반영
A23: 서울 | B23: =대학별점수!B21 -> 동국대 체육교육 | C23: ='내신(여)'!B22 -> 300 | D23: =VLOOKUP(B23,대학별점수!$B$3:$C$74,2,FALSE) -> 298.4 | E23: =VLOOKUP(B23,대학별점수!$B$3:$D$74,3,FALSE) -> 294.3 | F23: =C23-D23 -> 1.6 | G23: ='실기환산(여)'!U2 -> 700 | H23: =C23+G23 -> 1000 | I23: =VLOOKUP(B23,대학별점수!$B$3:$M$73,4,0) -> 996.5 | J23: =VLOOKUP(B23,대학별점수!$B$3:$M$73,5,0) -> 994.3 | K23: =VLOOKUP(B23,대학별점수!$B$3:$V$73,6,0) -> 22 | L23: =VLOOKUP(B23,대학별점수!$B$3:$V$73,7,0) -> 23 | M23: =VLOOKUP(B23,대학별점수!$B$3:$V$73,8,0) -> 23 | N23: =VLOOKUP(B23,대학별점수!$B$3:$V$73,9,0) -> 23 | O23: =VLOOKUP(B23,대학별점수!$B$3:$V$73,19,0) -> 0 | P23: =VLOOKUP(B23,대학별점수!$B$3:$V$73,18,0) -> 0 | Q23: =VLOOKUP(B23,대학별점수!$B$3:$V$73,17,0) -> 0 | R23: =VLOOKUP(B23,대학별점수!$B$3:$V$73,16,0) -> _ | S23: =VLOOKUP(B23,대학별점수!$B$3:$V$73,20,0) -> 30.17 | T23: =VLOOKUP(B23,대학별점수!$B$3:$V$73,21,0) -> 27.22 | U23: ='상담(남)'!U23 -> 실기기본점수 50점
A24: 서울 | B24: =대학별점수!B22 -> 동덕여대 체육 | C24: ='내신(여)'!B23 -> 199.99 | D24: =VLOOKUP(B24,대학별점수!$B$3:$C$74,2,FALSE) -> 396.8 | E24: =VLOOKUP(B24,대학별점수!$B$3:$D$74,3,FALSE) -> 392.8 | F24: =C24-D24 -> -196.81 | G24: ='실기환산(여)'!V2 -> 528 | H24: =C24+G24 -> 727.99 | I24: =VLOOKUP(B24,대학별점수!$B$3:$M$73,4,0) -> 0 | J24: =VLOOKUP(B24,대학별점수!$B$3:$M$73,5,0) -> 0 | K24: =VLOOKUP(B24,대학별점수!$B$3:$V$73,6,0) -> 일반학생미선발 | L24: =VLOOKUP(B24,대학별점수!$B$3:$V$73,7,0) -> 0 | M24: =VLOOKUP(B24,대학별점수!$B$3:$V$73,8,0) -> 0 | N24: =VLOOKUP(B24,대학별점수!$B$3:$V$73,9,0) -> 0 | O24: =VLOOKUP(B24,대학별점수!$B$3:$V$73,19,0) -> 0 | P24: =VLOOKUP(B24,대학별점수!$B$3:$V$73,18,0) -> 0 | Q24: =VLOOKUP(B24,대학별점수!$B$3:$V$73,17,0) -> _ | R24: =VLOOKUP(B24,대학별점수!$B$3:$V$73,16,0) -> _ | S24: =VLOOKUP(B24,대학별점수!$B$3:$V$73,20,0) -> 0 | T24: =VLOOKUP(B24,대학별점수!$B$3:$V$73,21,0) -> 0 | U24: 일반학생 미선발
A25: 대전 | B25: =대학별점수!B23 -> 목원대 스포츠건강관리 | C25: ='내신(여)'!B24 -> 99.85 | D25: =VLOOKUP(B25,대학별점수!$B$3:$C$74,2,FALSE) -> 86 | E25: =VLOOKUP(B25,대학별점수!$B$3:$D$74,3,FALSE) -> 50 | F25: =C25-D25 -> 13.85 | G25: ='실기환산(여)'!W2 -> 900 | H25: =C25+G25 -> 999.85 | I25: =VLOOKUP(B25,대학별점수!$B$3:$M$73,4,0) -> 918 | J25: =VLOOKUP(B25,대학별점수!$B$3:$M$73,5,0) -> 888 | K25: =VLOOKUP(B25,대학별점수!$B$3:$V$73,6,0) -> 30 | L25: =VLOOKUP(B25,대학별점수!$B$3:$V$73,7,0) -> 33 | M25: =VLOOKUP(B25,대학별점수!$B$3:$V$73,8,0) -> 33 | N25: =VLOOKUP(B25,대학별점수!$B$3:$V$73,9,0) -> 54 | O25: =VLOOKUP(B25,대학별점수!$B$3:$V$73,19,0) -> 76 | P25: =VLOOKUP(B25,대학별점수!$B$3:$V$73,18,0) -> 126 | Q25: =VLOOKUP(B25,대학별점수!$B$3:$V$73,17,0) -> 149 | R25: =VLOOKUP(B25,대학별점수!$B$3:$V$73,16,0) -> 129 | S25: =VLOOKUP(B25,대학별점수!$B$3:$V$73,20,0) -> 6.90 | T25: =VLOOKUP(B25,대학별점수!$B$3:$V$73,21,0) -> 5.73 | U25: ='상담(남)'!U24 -> .
A26: 충남 | B26: =대학별점수!B24 -> 백석대 특수체육교육 | C26: ='내신(여)'!B26 -> 400 | D26: =VLOOKUP(B26,대학별점수!$B$3:$C$74,2,FALSE) -> 552 | E26: =VLOOKUP(B26,대학별점수!$B$3:$D$74,3,FALSE) -> 516 | F26: =C26-D26 -> -152 | G26: ='실기환산(여)'!X2 -> 400 | H26: =C26+G26 -> 800 | I26: =VLOOKUP(B26,대학별점수!$B$3:$M$73,4,0) -> 930.67 | J26: =VLOOKUP(B26,대학별점수!$B$3:$M$73,5,0) -> 916 | K26: =VLOOKUP(B26,대학별점수!$B$3:$V$73,6,0) -> 27 | L26: =VLOOKUP(B26,대학별점수!$B$3:$V$73,7,0) -> 27 | M26: =VLOOKUP(B26,대학별점수!$B$3:$V$73,8,0) -> 27 | N26: =VLOOKUP(B26,대학별점수!$B$3:$V$73,9,0) -> 26 | O26: =VLOOKUP(B26,대학별점수!$B$3:$V$73,19,0) -> 16 | P26: =VLOOKUP(B26,대학별점수!$B$3:$V$73,18,0) -> 28 | Q26: =VLOOKUP(B26,대학별점수!$B$3:$V$73,17,0) -> 32 | R26: =VLOOKUP(B26,대학별점수!$B$3:$V$73,16,0) -> 16 | S26: =VLOOKUP(B26,대학별점수!$B$3:$V$73,20,0) -> 6.15 | T26: =VLOOKUP(B26,대학별점수!$B$3:$V$73,21,0) -> 5.15 | U26: ='상담(남)'!U25 -> .
A27: 충남 | B27: =대학별점수!B25 -> 백석대 스포츠과학 | C27: ='내신(여)'!B25 -> 600 | D27: =VLOOKUP(B27,대학별점수!$B$3:$C$74,2,FALSE) -> 349 | E27: =VLOOKUP(B27,대학별점수!$B$3:$D$74,3,FALSE) -> 323 | F27: =C27-D27 -> 251 | G27: ='실기환산(여)'!Y2 -> 600 | H27: =C27+G27 -> 1200 | I27: =VLOOKUP(B27,대학별점수!$B$3:$M$73,4,0) -> 941 | J27: =VLOOKUP(B27,대학별점수!$B$3:$M$73,5,0) -> 923 | K27: =VLOOKUP(B27,대학별점수!$B$3:$V$73,6,0) -> 73 | L27: =VLOOKUP(B27,대학별점수!$B$3:$V$73,7,0) -> 73 | M27: =VLOOKUP(B27,대학별점수!$B$3:$V$73,8,0) -> 75 | N27: =VLOOKUP(B27,대학별점수!$B$3:$V$73,9,0) -> 46 | O27: =VLOOKUP(B27,대학별점수!$B$3:$V$73,19,0) -> 36 | P27: =VLOOKUP(B27,대학별점수!$B$3:$V$73,18,0) -> 42 | Q27: =VLOOKUP(B27,대학별점수!$B$3:$V$73,17,0) -> 30 | R27: =VLOOKUP(B27,대학별점수!$B$3:$V$73,16,0) -> 19 | S27: =VLOOKUP(B27,대학별점수!$B$3:$V$73,20,0) -> 10.96 | T27: =VLOOKUP(B27,대학별점수!$B$3:$V$73,21,0) -> 9.29 | U27: ='상담(남)'!U26 -> .
A28: 서울 | B28: =대학별점수!B26 -> 삼육대 체육 | C28: ='내신(여)'!B27 -> 395 | D28: =VLOOKUP(B28,대학별점수!$B$3:$C$74,2,FALSE) -> 392 | E28: =VLOOKUP(B28,대학별점수!$B$3:$D$74,3,FALSE) -> 386 | F28: =C28-D28 -> 3 | G28: ='실기환산(여)'!Z2 -> 600 | H28: =C28+G28 -> 995 | I28: =VLOOKUP(B28,대학별점수!$B$3:$M$73,4,0) -> 990 | J28: =VLOOKUP(B28,대학별점수!$B$3:$M$73,5,0) -> 986 | K28: =VLOOKUP(B28,대학별점수!$B$3:$V$73,6,0) -> 12 | L28: =VLOOKUP(B28,대학별점수!$B$3:$V$73,7,0) -> 10 | M28: =VLOOKUP(B28,대학별점수!$B$3:$V$73,8,0) -> 11 | N28: =VLOOKUP(B28,대학별점수!$B$3:$V$73,9,0) -> 9 | O28: =VLOOKUP(B28,대학별점수!$B$3:$V$73,19,0) -> 4 | P28: =VLOOKUP(B28,대학별점수!$B$3:$V$73,18,0) -> 4 | Q28: =VLOOKUP(B28,대학별점수!$B$3:$V$73,17,0) -> 3 | R28: =VLOOKUP(B28,대학별점수!$B$3:$V$73,16,0) -> 14 | S28: =VLOOKUP(B28,대학별점수!$B$3:$V$73,20,0) -> 13.70 | T28: =VLOOKUP(B28,대학별점수!$B$3:$V$73,21,0) -> 29.91 | U28: ='상담(남)'!U27 -> 진로선택3과목 반영에서 이수전과목 반영
A29: 서울 | B29: 상명대 스포츠건강 | C29: ='내신(여)'!B28 -> 300 | D29: =VLOOKUP(B29,대학별점수!$B$3:$C$74,2,FALSE) -> 282 | E29: =VLOOKUP(B29,대학별점수!$B$3:$D$74,3,FALSE) -> 235 | F29: =C29-D29 -> 18 | G29: ='실기환산(여)'!AA2 -> 226.33333 | H29: =C29+G29 -> 526.33333 | I29: =VLOOKUP(B29,대학별점수!$B$3:$M$73,4,0) -> 961 | J29: =VLOOKUP(B29,대학별점수!$B$3:$M$73,5,0) -> 935 | K29: =VLOOKUP(B29,대학별점수!$B$3:$V$73,6,0) -> 12 | L29: =VLOOKUP(B29,대학별점수!$B$3:$V$73,7,0) -> 12 | M29: =VLOOKUP(B29,대학별점수!$B$3:$V$73,8,0) -> 0 | N29: =VLOOKUP(B29,대학별점수!$B$3:$V$73,9,0) -> 0 | O29: =VLOOKUP(B29,대학별점수!$B$3:$V$73,19,0) -> 12 | P29: =VLOOKUP(B29,대학별점수!$B$3:$V$73,18,0) -> 0 | Q29: =VLOOKUP(B29,대학별점수!$B$3:$V$73,17,0) -> 0 | R29: =VLOOKUP(B29,대학별점수!$B$3:$V$73,16,0) -> 0 | S29: =VLOOKUP(B29,대학별점수!$B$3:$V$73,20,0) -> 65.92 | T29: =VLOOKUP(B29,대학별점수!$B$3:$V$73,21,0) -> 0
A30: 충남 | B30: =대학별점수!B28 -> 상명대(천안) 스포츠융합 | C30: ='내신(여)'!B29 -> 400 | D30: =VLOOKUP(B30,대학별점수!$B$3:$C$74,2,FALSE) -> 357 | E30: =VLOOKUP(B30,대학별점수!$B$3:$D$74,3,FALSE) -> 288 | F30: =C30-D30 -> 43 | G30: ='실기환산(여)'!AB2 -> 600 | H30: =C30+G30 -> 1000 | I30: =VLOOKUP(B30,대학별점수!$B$3:$M$73,4,0) -> 910 | J30: =VLOOKUP(B30,대학별점수!$B$3:$M$73,5,0) -> 888 | K30: =VLOOKUP(B30,대학별점수!$B$3:$V$73,6,0) -> 38 | L30: =VLOOKUP(B30,대학별점수!$B$3:$V$73,7,0) -> 38 | M30: =VLOOKUP(B30,대학별점수!$B$3:$V$73,8,0) -> 38 | N30: =VLOOKUP(B30,대학별점수!$B$3:$V$73,9,0) -> 43 | O30: =VLOOKUP(B30,대학별점수!$B$3:$V$73,19,0) -> 23 | P30: =VLOOKUP(B30,대학별점수!$B$3:$V$73,18,0) -> 37 | Q30: =VLOOKUP(B30,대학별점수!$B$3:$V$73,17,0) -> 27 | R30: =VLOOKUP(B30,대학별점수!$B$3:$V$73,16,0) -> 33 | S30: =VLOOKUP(B30,대학별점수!$B$3:$V$73,20,0) -> 7.68 | T30: =VLOOKUP(B30,대학별점수!$B$3:$V$73,21,0) -> 7.9 | U30: ='상담(남)'!U29 -> .
A31: 강원 | B31: =대학별점수!B29 -> 상지대 체육 | C31: ='내신(여)'!B30 -> 300 | D31: =VLOOKUP(B31,대학별점수!$B$3:$C$74,2,FALSE) -> 233 | E31: =VLOOKUP(B31,대학별점수!$B$3:$D$74,3,FALSE) -> 197 | F31: =C31-D31 -> 67 | G31: ='실기환산(여)'!AC2 -> 700 | H31: =C31+G31 -> 1000 | I31: =VLOOKUP(B31,대학별점수!$B$3:$M$73,4,0) -> 920 | J31: =VLOOKUP(B31,대학별점수!$B$3:$M$73,5,0) -> 897 | K31: =VLOOKUP(B31,대학별점수!$B$3:$V$73,6,0) -> 40 | L31: =VLOOKUP(B31,대학별점수!$B$3:$V$73,7,0) -> 40 | M31: =VLOOKUP(B31,대학별점수!$B$3:$V$73,8,0) -> 55 | N31: =VLOOKUP(B31,대학별점수!$B$3:$V$73,9,0) -> 60 | O31: =VLOOKUP(B31,대학별점수!$B$3:$V$73,19,0) -> 56 | P31: =VLOOKUP(B31,대학별점수!$B$3:$V$73,18,0) -> 40 | Q31: =VLOOKUP(B31,대학별점수!$B$3:$V$73,17,0) -> 24 | R31: =VLOOKUP(B31,대학별점수!$B$3:$V$73,16,0) -> 47 | S31: =VLOOKUP(B31,대학별점수!$B$3:$V$73,20,0) -> 4.28 | T31: =VLOOKUP(B31,대학별점수!$B$3:$V$73,21,0) -> 1.93 | U31: ='상담(남)'!U30 -> .
A32: 서울 | B32: 서경대 스포츠&테크놀러지 | C32: ='내신(여)'!B31 -> 0 | D32: =VLOOKUP(B32,대학별점수!$B$3:$C$74,2,FALSE) -> 294 | E32: =VLOOKUP(B32,대학별점수!$B$3:$D$74,3,FALSE) -> 281 | F32: =C32-D32 -> -294 | G32: ='실기환산(여)'!AD2 -> 400 | H32: =C32+G32 -> 400 | I32: =VLOOKUP(B32,대학별점수!$B$3:$M$73,4,0) -> 687.33 | J32: =VLOOKUP(B32,대학별점수!$B$3:$M$73,5,0) -> 680.67 | K32: =VLOOKUP(B32,대학별점수!$B$3:$V$73,6,0) -> 30 | L32: =VLOOKUP(B32,대학별점수!$B$3:$V$73,7,0) -> 30 | M32: =VLOOKUP(B32,대학별점수!$B$3:$V$73,8,0) -> 0 | N32: =VLOOKUP(B32,대학별점수!$B$3:$V$73,9,0) -> 0 | O32: =VLOOKUP(B32,대학별점수!$B$3:$V$73,19,0) -> 2 | P32: =VLOOKUP(B32,대학별점수!$B$3:$V$73,18,0) -> 7 | Q32: =VLOOKUP(B32,대학별점수!$B$3:$V$73,17,0) -> 0 | R32: =VLOOKUP(B32,대학별점수!$B$3:$V$73,16,0) -> 0 | S32: =VLOOKUP(B32,대학별점수!$B$3:$V$73,20,0) -> 24.70 | T32: =VLOOKUP(B32,대학별점수!$B$3:$V$73,21,0) -> 19.90
A33: 서울 | B33: =대학별점수!B31 -> 서울여대 스포츠운동과학 | C33: ='내신(여)'!B32 -> 600 | D33: =VLOOKUP(B33,대학별점수!$B$3:$C$74,2,FALSE) -> 58 | E33: =VLOOKUP(B33,대학별점수!$B$3:$D$74,3,FALSE) -> 55.49 | F33: =C33-D33 -> 542 | G33: ='실기환산(여)'!AE2 -> 40 | H33: =C33+G33 -> 640 | I33: =VLOOKUP(B33,대학별점수!$B$3:$M$73,4,0) -> 97.7 | J33: =VLOOKUP(B33,대학별점수!$B$3:$M$73,5,0) -> 95.49 | K33: =VLOOKUP(B33,대학별점수!$B$3:$V$73,6,0) -> 10 | L33: =VLOOKUP(B33,대학별점수!$B$3:$V$73,7,0) -> 10 | M33: =VLOOKUP(B33,대학별점수!$B$3:$V$73,8,0) -> 10 | N33: =VLOOKUP(B33,대학별점수!$B$3:$V$73,9,0) -> 10 | O33: =VLOOKUP(B33,대학별점수!$B$3:$V$73,19,0) -> 10 | P33: =VLOOKUP(B33,대학별점수!$B$3:$V$73,18,0) -> 10 | Q33: =VLOOKUP(B33,대학별점수!$B$3:$V$73,17,0) -> 6 | R33: =VLOOKUP(B33,대학별점수!$B$3:$V$73,16,0) -> 3 | S33: =VLOOKUP(B33,대학별점수!$B$3:$V$73,20,0) -> 17.30 | T33: =VLOOKUP(B33,대학별점수!$B$3:$V$73,21,0) -> 15.2 | U33: .
A34: 충남 | B34: =대학별점수!B32 -> 서원대 체육교육 | C34: ='내신(여)'!B33 -> 600 | D34: =VLOOKUP(B34,대학별점수!$B$3:$C$74,2,FALSE) -> 588 | E34: =VLOOKUP(B34,대학별점수!$B$3:$D$74,3,FALSE) -> 576 | F34: =C34-D34 -> 12 | G34: ='실기환산(여)'!AF2 -> 400 | H34: =C34+G34 -> 1000 | I34: =VLOOKUP(B34,대학별점수!$B$3:$M$73,4,0) -> 981.6 | J34: =VLOOKUP(B34,대학별점수!$B$3:$M$73,5,0) -> 976 | K34: =VLOOKUP(B34,대학별점수!$B$3:$V$73,6,0) -> 28 | L34: =VLOOKUP(B34,대학별점수!$B$3:$V$73,7,0) -> 23 | M34: =VLOOKUP(B34,대학별점수!$B$3:$V$73,8,0) -> 23 | N34: =VLOOKUP(B34,대학별점수!$B$3:$V$73,9,0) -> 23 | O34: =VLOOKUP(B34,대학별점수!$B$3:$V$73,19,0) -> 36 | P34: =VLOOKUP(B34,대학별점수!$B$3:$V$73,18,0) -> 23 | Q34: =VLOOKUP(B34,대학별점수!$B$3:$V$73,17,0) -> _ | R34: =VLOOKUP(B34,대학별점수!$B$3:$V$73,16,0) -> 13 | S34: =VLOOKUP(B34,대학별점수!$B$3:$V$73,20,0) -> 6.74 | T34: =VLOOKUP(B34,대학별점수!$B$3:$V$73,21,0) -> 11.52 | U34: ='상담(남)'!U32 -> 실기기본점수 80점/실기변경/변별력 상승
A35: 충남 | B35: =대학별점수!B33 -> 서원대 레저스포츠 | C35: ='내신(여)'!B34 -> 185 | D35: =VLOOKUP(B35,대학별점수!$B$3:$C$74,2,FALSE) -> 190.5 | E35: =VLOOKUP(B35,대학별점수!$B$3:$D$74,3,FALSE) -> 170 | F35: =C35-D35 -> -5.5 | G35: ='실기환산(여)'!AG2 -> 800 | H35: =C35+G35 -> 985 | I35: =VLOOKUP(B35,대학별점수!$B$3:$M$73,4,0) -> 978.3 | J35: =VLOOKUP(B35,대학별점수!$B$3:$M$73,5,0) -> 963.6 | K35: =VLOOKUP(B35,대학별점수!$B$3:$V$73,6,0) -> 31 | L35: =VLOOKUP(B35,대학별점수!$B$3:$V$73,7,0) -> 48 | M35: =VLOOKUP(B35,대학별점수!$B$3:$V$73,8,0) -> 45 | N35: =VLOOKUP(B35,대학별점수!$B$3:$V$73,9,0) -> 58 | O35: =VLOOKUP(B35,대학별점수!$B$3:$V$73,19,0) -> 157 | P35: =VLOOKUP(B35,대학별점수!$B$3:$V$73,18,0) -> 176 | Q35: =VLOOKUP(B35,대학별점수!$B$3:$V$73,17,0) -> _ | R35: =VLOOKUP(B35,대학별점수!$B$3:$V$73,16,0) -> 48 | S35: =VLOOKUP(B35,대학별점수!$B$3:$V$73,20,0) -> 6.44 | T35: =VLOOKUP(B35,대학별점수!$B$3:$V$73,21,0) -> 6.69 | U35: ='상담(남)'!U33 -> 실기기본점수 160점/변별력 상승
A36: 충남 | B36: =대학별점수!B34 -> 서원대 헬스케어운동 | C36: ='내신(여)'!B35 -> 165 | D36: =VLOOKUP(B36,대학별점수!$B$3:$C$74,2,FALSE) -> 193 | E36: =VLOOKUP(B36,대학별점수!$B$3:$D$74,3,FALSE) -> 175 | F36: =C36-D36 -> -28 | G36: ='실기환산(여)'!AH2 -> 800 | H36: =C36+G36 -> 965 | I36: =VLOOKUP(B36,대학별점수!$B$3:$M$73,4,0) -> 986.6 | J36: =VLOOKUP(B36,대학별점수!$B$3:$M$73,5,0) -> 971.4 | K36: =VLOOKUP(B36,대학별점수!$B$3:$V$73,6,0) -> 25 | L36: =VLOOKUP(B36,대학별점수!$B$3:$V$73,7,0) -> 25 | M36: =VLOOKUP(B36,대학별점수!$B$3:$V$73,8,0) -> 25 | N36: =VLOOKUP(B36,대학별점수!$B$3:$V$73,9,0) -> 30 | O36: =VLOOKUP(B36,대학별점수!$B$3:$V$73,19,0) -> 46 | P36: =VLOOKUP(B36,대학별점수!$B$3:$V$73,18,0) -> 60 | Q36: =VLOOKUP(B36,대학별점수!$B$3:$V$73,17,0) -> _ | R36: =VLOOKUP(B36,대학별점수!$B$3:$V$73,16,0) -> 23신설 | S36: =VLOOKUP(B36,대학별점수!$B$3:$V$73,20,0) -> 8.24 | T36: =VLOOKUP(B36,대학별점수!$B$3:$V$73,21,0) -> 7.24 | U36: ='상담(남)'!U34 -> 실기기본점수 160점/변별력 상승
A37: 충남 | B37: =대학별점수!B35 -> 선문대 스포츠과학 | C37: ='내신(여)'!B36 -> 180 | D37: =VLOOKUP(B37,대학별점수!$B$3:$C$74,2,FALSE) -> 120 | E37: =VLOOKUP(B37,대학별점수!$B$3:$D$74,3,FALSE) -> 40 | F37: =C37-D37 -> 60 | G37: ='실기환산(여)'!AI2 -> 800 | H37: =C37+G37 -> 980 | I37: =VLOOKUP(B37,대학별점수!$B$3:$M$73,4,0) -> 830 | J37: =VLOOKUP(B37,대학별점수!$B$3:$M$73,5,0) -> 795 | K37: =VLOOKUP(B37,대학별점수!$B$3:$V$73,6,0) -> 27 | L37: =VLOOKUP(B37,대학별점수!$B$3:$V$73,7,0) -> 26 | M37: =VLOOKUP(B37,대학별점수!$B$3:$V$73,8,0) -> 24 | N37: =VLOOKUP(B37,대학별점수!$B$3:$V$73,9,0) -> 25 | O37: =VLOOKUP(B37,대학별점수!$B$3:$V$73,19,0) -> 16 | P37: =VLOOKUP(B37,대학별점수!$B$3:$V$73,18,0) -> 33 | Q37: =VLOOKUP(B37,대학별점수!$B$3:$V$73,17,0) -> 18 | R37: =VLOOKUP(B37,대학별점수!$B$3:$V$73,16,0) -> 63 | S37: =VLOOKUP(B37,대학별점수!$B$3:$V$73,20,0) -> 5.35 | T37: =VLOOKUP(B37,대학별점수!$B$3:$V$73,21,0) -> 5.22 | U37: ='상담(남)'!U35 -> .
A38: 충남 | B38: =대학별점수!B36 -> 선문대 피트니스재활 | C38: ='내신(여)'!B37 -> 170 | D38: =VLOOKUP(B38,대학별점수!$B$3:$C$74,2,FALSE) -> 120 | E38: =VLOOKUP(B38,대학별점수!$B$3:$D$74,3,FALSE) -> 40 | F38: =C38-D38 -> 50 | G38: ='실기환산(여)'!AJ2 -> 800 | H38: =C38+G38 -> 970 | I38: =VLOOKUP(B38,대학별점수!$B$3:$M$73,4,0) -> 780 | J38: =VLOOKUP(B38,대학별점수!$B$3:$M$73,5,0) -> 734 | K38: =VLOOKUP(B38,대학별점수!$B$3:$V$73,6,0) -> 27 | L38: =VLOOKUP(B38,대학별점수!$B$3:$V$73,7,0) -> 25 | M38: =VLOOKUP(B38,대학별점수!$B$3:$V$73,8,0) -> 24 | N38: =VLOOKUP(B38,대학별점수!$B$3:$V$73,9,0) -> 25 | O38: =VLOOKUP(B38,대학별점수!$B$3:$V$73,19,0) -> 19 | P38: =VLOOKUP(B38,대학별점수!$B$3:$V$73,18,0) -> 46 | Q38: =VLOOKUP(B38,대학별점수!$B$3:$V$73,17,0) -> 31 | R38: =VLOOKUP(B38,대학별점수!$B$3:$V$73,16,0) -> _ | S38: =VLOOKUP(B38,대학별점수!$B$3:$V$73,20,0) -> 4.08 | T38: =VLOOKUP(B38,대학별점수!$B$3:$V$73,21,0) -> 5.25 | U38: ='상담(남)'!U36 -> .
A39: 경기 | B39: =대학별점수!B37 -> 성결대 체육교육 | C39: ='내신(여)'!B38 -> 400 | D39: =VLOOKUP(B39,대학별점수!$B$3:$C$74,2,FALSE) -> 395 | E39: =VLOOKUP(B39,대학별점수!$B$3:$D$74,3,FALSE) -> 385 | F39: =C39-D39 -> 5 | G39: ='실기환산(여)'!AK2 -> 600 | H39: =C39+G39 -> 1000 | I39: =VLOOKUP(B39,대학별점수!$B$3:$M$73,4,0) -> 991 | J39: =VLOOKUP(B39,대학별점수!$B$3:$M$73,5,0) -> 985 | K39: =VLOOKUP(B39,대학별점수!$B$3:$V$73,6,0) -> 14 | L39: =VLOOKUP(B39,대학별점수!$B$3:$V$73,7,0) -> 14 | M39: =VLOOKUP(B39,대학별점수!$B$3:$V$73,8,0) -> 14 | N39: =VLOOKUP(B39,대학별점수!$B$3:$V$73,9,0) -> 8 | O39: =VLOOKUP(B39,대학별점수!$B$3:$V$73,19,0) -> 6 | P39: =VLOOKUP(B39,대학별점수!$B$3:$V$73,18,0) -> 8 | Q39: =VLOOKUP(B39,대학별점수!$B$3:$V$73,17,0) -> 3 | R39: =VLOOKUP(B39,대학별점수!$B$3:$V$73,16,0) -> 6 | S39: =VLOOKUP(B39,대학별점수!$B$3:$V$73,20,0) -> 16.93 | T39: =VLOOKUP(B39,대학별점수!$B$3:$V$73,21,0) -> 23.36 | U39: ='상담(남)'!U37 -> 내신반영방법 변경/교과점수 상승
A40: 충북 | B40: =대학별점수!B38 -> 세명대 생활체육 | C40: ='내신(여)'!B39 -> 200 | D40: =VLOOKUP(B40,대학별점수!$B$3:$C$74,2,FALSE) -> 120 | E40: =VLOOKUP(B40,대학별점수!$B$3:$D$74,3,FALSE) -> 40 | F40: =C40-D40 -> 80 | G40: ='실기환산(여)'!AL2 -> 800 | H40: =C40+G40 -> 1000 | I40: =VLOOKUP(B40,대학별점수!$B$3:$M$73,4,0) -> 860 | J40: =VLOOKUP(B40,대학별점수!$B$3:$M$73,5,0) -> 740 | K40: =VLOOKUP(B40,대학별점수!$B$3:$V$73,6,0) -> 30 | L40: =VLOOKUP(B40,대학별점수!$B$3:$V$73,7,0) -> 25 | M40: =VLOOKUP(B40,대학별점수!$B$3:$V$73,8,0) -> 25 | N40: =VLOOKUP(B40,대학별점수!$B$3:$V$73,9,0) -> 25 | O40: =VLOOKUP(B40,대학별점수!$B$3:$V$73,19,0) -> 51 | P40: =VLOOKUP(B40,대학별점수!$B$3:$V$73,18,0) -> 43 | Q40: =VLOOKUP(B40,대학별점수!$B$3:$V$73,17,0) -> 116 | R40: =VLOOKUP(B40,대학별점수!$B$3:$V$73,16,0) -> 53 | S40: =VLOOKUP(B40,대학별점수!$B$3:$V$73,20,0) -> 3.44 | T40: =VLOOKUP(B40,대학별점수!$B$3:$V$73,21,0) -> 3.2 | U40: ='상담(남)'!U38 -> 윗몸폐지 농구신설 실기반영비율 증가
A41: 경기 | B41: =대학별점수!B39 -> 수원대 스포츠과학부 | C41: ='내신(여)'!B40 -> 400 | D41: =VLOOKUP(B41,대학별점수!$B$3:$C$74,2,FALSE) -> 380 | E41: =VLOOKUP(B41,대학별점수!$B$3:$D$74,3,FALSE) -> 367 | F41: =C41-D41 -> 20 | G41: ='실기환산(여)'!AM2 -> 600 | H41: =C41+G41 -> 1000 | I41: =VLOOKUP(B41,대학별점수!$B$3:$M$73,4,0) -> 974 | J41: =VLOOKUP(B41,대학별점수!$B$3:$M$73,5,0) -> 967 | K41: =VLOOKUP(B41,대학별점수!$B$3:$V$73,6,0) -> 기초 20 축구 13 농구 7 체조 5 | L41: =VLOOKUP(B41,대학별점수!$B$3:$V$73,7,0) -> 기초 20 축구 13 농구 7 체조 5 | M41: =VLOOKUP(B41,대학별점수!$B$3:$V$73,8,0) -> 20 | N41: =VLOOKUP(B41,대학별점수!$B$3:$V$73,9,0) -> 20 | O41: =VLOOKUP(B41,대학별점수!$B$3:$V$73,19,0) -> 23 | P41: =VLOOKUP(B41,대학별점수!$B$3:$V$73,18,0) -> - | Q41: =VLOOKUP(B41,대학별점수!$B$3:$V$73,17,0) -> 16 | R41: =VLOOKUP(B41,대학별점수!$B$3:$V$73,16,0) -> 9 | S41: =VLOOKUP(B41,대학별점수!$B$3:$V$73,20,0) -> 27.85 | T41: =VLOOKUP(B41,대학별점수!$B$3:$V$73,21,0) -> 27.05 | U41: ='상담(남)'!U39 -> 기초체력 기준
A42: 서울 | B42: =대학별점수!B40 -> 숙명여대 체육교육 | C42: ='내신(여)'!B41 -> 400 | D42: =VLOOKUP(B42,대학별점수!$B$3:$C$74,2,FALSE) -> 380 | E42: =VLOOKUP(B42,대학별점수!$B$3:$D$74,3,FALSE) -> 354 | F42: =C42-D42 -> 20 | G42: ='실기환산(여)'!AN2 -> 90 | H42: =C42+G42 -> 490 | I42: =VLOOKUP(B42,대학별점수!$B$3:$M$73,4,0) -> 0 | J42: =VLOOKUP(B42,대학별점수!$B$3:$M$73,5,0) -> 0 | K42: =VLOOKUP(B42,대학별점수!$B$3:$V$73,6,0) -> 6 | L42: =VLOOKUP(B42,대학별점수!$B$3:$V$73,7,0) -> 6 | M42: =VLOOKUP(B42,대학별점수!$B$3:$V$73,8,0) -> 6 | N42: =VLOOKUP(B42,대학별점수!$B$3:$V$73,9,0) -> 5 | O42: =VLOOKUP(B42,대학별점수!$B$3:$V$73,19,0) -> 0 | P42: =VLOOKUP(B42,대학별점수!$B$3:$V$73,18,0) -> 0 | Q42: =VLOOKUP(B42,대학별점수!$B$3:$V$73,17,0) -> 0 | R42: =VLOOKUP(B42,대학별점수!$B$3:$V$73,16,0) -> 2 | S42: =VLOOKUP(B42,대학별점수!$B$3:$V$73,20,0) -> 25.00 | T42: =VLOOKUP(B42,대학별점수!$B$3:$V$73,21,0) -> 22.3 | U42: 2등급 극초반까지 지원 고려
A43: 충남 | B43: =대학별점수!B41 -> 순천향대 스포츠과학 | C43: ='내신(여)'!B42 -> 300 | D43: =VLOOKUP(B43,대학별점수!$B$3:$C$74,2,FALSE) -> 276 | E43: =VLOOKUP(B43,대학별점수!$B$3:$D$74,3,FALSE) -> 252 | F43: =C43-D43 -> 24 | G43: ='실기환산(여)'!AQ2 -> 688.33333 | H43: =C43+G43 -> 988.33333 | I43: =VLOOKUP(B43,대학별점수!$B$3:$M$73,4,0) -> 962 | J43: =VLOOKUP(B43,대학별점수!$B$3:$M$73,5,0) -> 952 | K43: =VLOOKUP(B43,대학별점수!$B$3:$V$73,6,0) -> 16 | L43: =VLOOKUP(B43,대학별점수!$B$3:$V$73,7,0) -> 16 | M43: =VLOOKUP(B43,대학별점수!$B$3:$V$73,8,0) -> 17 | N43: =VLOOKUP(B43,대학별점수!$B$3:$V$73,9,0) -> 17 | O43: =VLOOKUP(B43,대학별점수!$B$3:$V$73,19,0) -> 7 | P43: =VLOOKUP(B43,대학별점수!$B$3:$V$73,18,0) -> 13 | Q43: =VLOOKUP(B43,대학별점수!$B$3:$V$73,17,0) -> 7 | R43: =VLOOKUP(B43,대학별점수!$B$3:$V$73,16,0) -> 7 | S43: =VLOOKUP(B43,대학별점수!$B$3:$V$73,20,0) -> 27.94 | T43: =VLOOKUP(B43,대학별점수!$B$3:$V$73,21,0) -> 18.47 | U43: ='상담(남)'!U40 -> 윗몸폐지 농구신설(45초)
A44: 충남 | B44: =대학별점수!B42 -> 순천향대 스포츠의학 | C44: ='내신(여)'!B44 -> 400 | D44: =VLOOKUP(B44,대학별점수!$B$3:$C$74,2,FALSE) -> 382 | E44: =VLOOKUP(B44,대학별점수!$B$3:$D$74,3,FALSE) -> 369 | F44: =C44-D44 -> 18 | G44: ='실기환산(여)'!AO2 -> 600 | H44: =C44+G44 -> 1000 | I44: =VLOOKUP(B44,대학별점수!$B$3:$M$73,4,0) -> 976 | J44: =VLOOKUP(B44,대학별점수!$B$3:$M$73,5,0) -> 969 | K44: =VLOOKUP(B44,대학별점수!$B$3:$V$73,6,0) -> 13 | L44: =VLOOKUP(B44,대학별점수!$B$3:$V$73,7,0) -> 13 | M44: =VLOOKUP(B44,대학별점수!$B$3:$V$73,8,0) -> 12 | N44: =VLOOKUP(B44,대학별점수!$B$3:$V$73,9,0) -> 15 | O44: =VLOOKUP(B44,대학별점수!$B$3:$V$73,19,0) -> 27 | P44: =VLOOKUP(B44,대학별점수!$B$3:$V$73,18,0) -> 19 | Q44: =VLOOKUP(B44,대학별점수!$B$3:$V$73,17,0) -> 18 | R44: =VLOOKUP(B44,대학별점수!$B$3:$V$73,16,0) -> 25 | S44: =VLOOKUP(B44,대학별점수!$B$3:$V$73,20,0) -> 11.23 | T44: =VLOOKUP(B44,대학별점수!$B$3:$V$73,21,0) -> 13.0 | U44: ='상담(남)'!U41 -> .
A45: 충남 | B45: =대학별점수!B43 -> 순천향대 스포츠응용산업 | C45: ='내신(여)'!B43 -> 300 | D45: =VLOOKUP(B45,대학별점수!$B$3:$C$74,2,FALSE) -> 276 | E45: =VLOOKUP(B45,대학별점수!$B$3:$D$74,3,FALSE) -> 262 | F45: =C45-D45 -> 24 | G45: ='실기환산(여)'!AP2 -> 700 | H45: =C45+G45 -> 1000 | I45: =VLOOKUP(B45,대학별점수!$B$3:$M$73,4,0) -> 968 | J45: =VLOOKUP(B45,대학별점수!$B$3:$M$73,5,0) -> 962 | K45: =VLOOKUP(B45,대학별점수!$B$3:$V$73,6,0) -> 20 | L45: =VLOOKUP(B45,대학별점수!$B$3:$V$73,7,0) -> 20 | M45: =VLOOKUP(B45,대학별점수!$B$3:$V$73,8,0) -> 19 | N45: =VLOOKUP(B45,대학별점수!$B$3:$V$73,9,0) -> 19 | O45: =VLOOKUP(B45,대학별점수!$B$3:$V$73,19,0) -> 6 | P45: =VLOOKUP(B45,대학별점수!$B$3:$V$73,18,0) -> 26 | Q45: =VLOOKUP(B45,대학별점수!$B$3:$V$73,17,0) -> 26 | R45: =VLOOKUP(B45,대학별점수!$B$3:$V$73,16,0) -> 20 | S45: =VLOOKUP(B45,대학별점수!$B$3:$V$73,20,0) -> 21.60 | T45: =VLOOKUP(B45,대학별점수!$B$3:$V$73,21,0) -> 22.63 | U45: ='상담(남)'!U42 -> 학과명 변경
A46: 인천 | B46: =대학별점수!B44 -> 안양대 스포츠과학 | C46: ='내신(여)'!B45 -> 350 | D46: =VLOOKUP(B46,대학별점수!$B$3:$C$74,2,FALSE) -> 282 | E46: =VLOOKUP(B46,대학별점수!$B$3:$D$74,3,FALSE) -> 230 | F46: =C46-D46 -> 68 | G46: ='실기환산(여)'!AR2 -> 600 | H46: =C46+G46 -> 950 | I46: =VLOOKUP(B46,대학별점수!$B$3:$M$73,4,0) -> 852 | J46: =VLOOKUP(B46,대학별점수!$B$3:$M$73,5,0) -> 830 | K46: =VLOOKUP(B46,대학별점수!$B$3:$V$73,6,0) -> 10 | L46: =VLOOKUP(B46,대학별점수!$B$3:$V$73,7,0) -> 7 | M46: =VLOOKUP(B46,대학별점수!$B$3:$V$73,8,0) -> 14 | N46: =VLOOKUP(B46,대학별점수!$B$3:$V$73,9,0) -> 12 | O46: =VLOOKUP(B46,대학별점수!$B$3:$V$73,19,0) -> 27 | P46: =VLOOKUP(B46,대학별점수!$B$3:$V$73,18,0) -> 42 | Q46: =VLOOKUP(B46,대학별점수!$B$3:$V$73,17,0) -> 20 | R46: =VLOOKUP(B46,대학별점수!$B$3:$V$73,16,0) -> 64 | S46: =VLOOKUP(B46,대학별점수!$B$3:$V$73,20,0) -> 7.57 | T46: =VLOOKUP(B46,대학별점수!$B$3:$V$73,21,0) -> 5.36 | U46: ='상담(남)'!U43 -> .
A47: 인천 | B47: =대학별점수!B45 -> 안양대 스포츠응용산업 | C47: ='내신(여)'!B46 -> 368 | D47: =VLOOKUP(B47,대학별점수!$B$3:$C$74,2,FALSE) -> 0 | E47: =VLOOKUP(B47,대학별점수!$B$3:$D$74,3,FALSE) -> 0 | F47: =C47-D47 -> 368 | G47: ='실기환산(여)'!AS2 -> 600 | H47: =C47+G47 -> 968 | I47: =VLOOKUP(B47,대학별점수!$B$3:$M$73,4,0) -> 800 | J47: =VLOOKUP(B47,대학별점수!$B$3:$M$73,5,0) -> 730 | K47: =VLOOKUP(B47,대학별점수!$B$3:$V$73,6,0) -> 일반학생선발 | L47: =VLOOKUP(B47,대학별점수!$B$3:$V$73,7,0) -> 4 | M47: =VLOOKUP(B47,대학별점수!$B$3:$V$73,8,0) -> 16 | N47: =VLOOKUP(B47,대학별점수!$B$3:$V$73,9,0) -> 0 | O47: =VLOOKUP(B47,대학별점수!$B$3:$V$73,19,0) -> 3 | P47: =VLOOKUP(B47,대학별점수!$B$3:$V$73,18,0) -> - | Q47: =VLOOKUP(B47,대학별점수!$B$3:$V$73,17,0) -> 24신설 | R47: =VLOOKUP(B47,대학별점수!$B$3:$V$73,16,0) -> 0 | S47: =VLOOKUP(B47,대학별점수!$B$3:$V$73,20,0) -> 7.00 | T47: =VLOOKUP(B47,대학별점수!$B$3:$V$73,21,0) -> 3.25 | U47: ='상담(남)'!U44 -> 학과명 변경
A48: 인천 | B48: 안양대 스포츠자율전공 | C48: ='내신(여)'!B47 -> 0 | D48: =VLOOKUP(B48,대학별점수!$B$3:$C$74,2,FALSE) -> 322 | E48: =VLOOKUP(B48,대학별점수!$B$3:$D$74,3,FALSE) -> 250 | F48: =C48-D48 -> -322 | G48: ='실기환산(여)'!AR2 -> 600 | H48: =C48+G48 -> 600 | I48: =VLOOKUP(B48,대학별점수!$B$3:$M$73,4,0) -> 904 | J48: =VLOOKUP(B48,대학별점수!$B$3:$M$73,5,0) -> 850 | K48: =VLOOKUP(B48,대학별점수!$B$3:$V$73,6,0) -> 15 | L48: =VLOOKUP(B48,대학별점수!$B$3:$V$73,7,0) -> 15 | M48: =VLOOKUP(B48,대학별점수!$B$3:$V$73,8,0) -> 0 | N48: =VLOOKUP(B48,대학별점수!$B$3:$V$73,9,0) -> 0 | O48: =VLOOKUP(B48,대학별점수!$B$3:$V$73,19,0) -> 24 | P48: =VLOOKUP(B48,대학별점수!$B$3:$V$73,18,0) -> 25신설 | Q48: =VLOOKUP(B48,대학별점수!$B$3:$V$73,17,0) -> 0 | R48: =VLOOKUP(B48,대학별점수!$B$3:$V$73,16,0) -> 0 | S48: =VLOOKUP(B48,대학별점수!$B$3:$V$73,20,0) -> 6.60 | T48: =VLOOKUP(B48,대학별점수!$B$3:$V$73,21,0) -> 0
A49: 경기 | B49: =대학별점수!B47 -> 용인대 스포츠레저 | C49: ='내신(여)'!B48 -> 198 | D49: =VLOOKUP(B49,대학별점수!$B$3:$C$74,2,FALSE) -> 138.5 | E49: =VLOOKUP(B49,대학별점수!$B$3:$D$74,3,FALSE) -> 131 | F49: =C49-D49 -> 59.5 | G49: ='실기환산(여)'!AU2 -> 350 | H49: =C49+G49 -> 548 | I49: =VLOOKUP(B49,대학별점수!$B$3:$M$73,4,0) -> 483.5 | J49: =VLOOKUP(B49,대학별점수!$B$3:$M$73,5,0) -> 476 | K49: =VLOOKUP(B49,대학별점수!$B$3:$V$73,6,0) -> 8 | L49: =VLOOKUP(B49,대학별점수!$B$3:$V$73,7,0) -> 9 | M49: =VLOOKUP(B49,대학별점수!$B$3:$V$73,8,0) -> 16 | N49: =VLOOKUP(B49,대학별점수!$B$3:$V$73,9,0) -> 15 | O49: =VLOOKUP(B49,대학별점수!$B$3:$V$73,19,0) -> 1 | P49: =VLOOKUP(B49,대학별점수!$B$3:$V$73,18,0) -> 16 | Q49: =VLOOKUP(B49,대학별점수!$B$3:$V$73,17,0) -> 23 | R49: =VLOOKUP(B49,대학별점수!$B$3:$V$73,16,0) -> 9 | S49: =VLOOKUP(B49,대학별점수!$B$3:$V$73,20,0) -> 33.56 | T49: =VLOOKUP(B49,대학별점수!$B$3:$V$73,21,0) -> 13.0 | U49: ='상담(남)'!U46 -> .
A50: 경기 | B50: =대학별점수!B48 -> 용인대 특수체육교육 | C50: ='내신(여)'!B49 -> 192 | D50: =VLOOKUP(B50,대학별점수!$B$3:$C$74,2,FALSE) -> 142.5 | E50: =VLOOKUP(B50,대학별점수!$B$3:$D$74,3,FALSE) -> 140.7 | F50: =C50-D50 -> 49.5 | G50: ='실기환산(여)'!AT2 -> 350 | H50: =C50+G50 -> 542 | I50: =VLOOKUP(B50,대학별점수!$B$3:$M$73,4,0) -> 492.5 | J50: =VLOOKUP(B50,대학별점수!$B$3:$M$73,5,0) -> 490.7 | K50: =VLOOKUP(B50,대학별점수!$B$3:$V$73,6,0) -> 12 | L50: =VLOOKUP(B50,대학별점수!$B$3:$V$73,7,0) -> 12 | M50: =VLOOKUP(B50,대학별점수!$B$3:$V$73,8,0) -> 12 | N50: =VLOOKUP(B50,대학별점수!$B$3:$V$73,9,0) -> 13 | O50: =VLOOKUP(B50,대학별점수!$B$3:$V$73,19,0) -> 15 | P50: =VLOOKUP(B50,대학별점수!$B$3:$V$73,18,0) -> 14 | Q50: =VLOOKUP(B50,대학별점수!$B$3:$V$73,17,0) -> 19 | R50: =VLOOKUP(B50,대학별점수!$B$3:$V$73,16,0) -> 22 | S50: =VLOOKUP(B50,대학별점수!$B$3:$V$73,20,0) -> 19.17 | T50: =VLOOKUP(B50,대학별점수!$B$3:$V$73,21,0) -> 16.0 | U50: ='상담(남)'!U47 -> .
A51: 경기 | B51: 용인대 체육 | C51: ='내신(여)'!B50 -> 0 | D51: =VLOOKUP(B51,대학별점수!$B$3:$C$74,2,FALSE) -> 139.5 | E51: =VLOOKUP(B51,대학별점수!$B$3:$D$74,3,FALSE) -> 137 | F51: =C51-D51 -> -139.5 | G51: ='실기환산(여)'!AV2 -> 350 | H51: =C51+G51 -> 350 | I51: =VLOOKUP(B51,대학별점수!$B$3:$M$73,4,0) -> 484.5 | J51: =VLOOKUP(B51,대학별점수!$B$3:$M$73,5,0) -> 482 | K51: =VLOOKUP(B51,대학별점수!$B$3:$V$73,6,0) -> 13 | L51: =VLOOKUP(B51,대학별점수!$B$3:$V$73,7,0) -> 12 | M51: =VLOOKUP(B51,대학별점수!$B$3:$V$73,8,0) -> 0 | N51: =VLOOKUP(B51,대학별점수!$B$3:$V$73,9,0) -> 0 | O51: =VLOOKUP(B51,대학별점수!$B$3:$V$73,19,0) -> 16 | P51: =VLOOKUP(B51,대학별점수!$B$3:$V$73,18,0) -> 25신설 | Q51: =VLOOKUP(B51,대학별점수!$B$3:$V$73,17,0) -> 0 | R51: =VLOOKUP(B51,대학별점수!$B$3:$V$73,16,0) -> 0 | S51: =VLOOKUP(B51,대학별점수!$B$3:$V$73,20,0) -> 40.25 | T51: =VLOOKUP(B51,대학별점수!$B$3:$V$73,21,0) -> 0
A52: 전북 | B52: =대학별점수!B50 -> 원광대 스포츠과학 | C52: ='내신(여)'!B51 -> 524 | D52: =VLOOKUP(B52,대학별점수!$B$3:$C$74,2,FALSE) -> 540 | E52: =VLOOKUP(B52,대학별점수!$B$3:$D$74,3,FALSE) -> 530 | F52: =C52-D52 -> -16 | G52: ='실기환산(여)'!AW2 -> 1000 | H52: =C52+G52 -> 1524 | I52: =VLOOKUP(B52,대학별점수!$B$3:$M$73,4,0) -> 1455 | J52: =VLOOKUP(B52,대학별점수!$B$3:$M$73,5,0) -> 1354 | K52: =VLOOKUP(B52,대학별점수!$B$3:$V$73,6,0) -> 45 | L52: =VLOOKUP(B52,대학별점수!$B$3:$V$73,7,0) -> 45 | M52: =VLOOKUP(B52,대학별점수!$B$3:$V$73,8,0) -> 53 | N52: =VLOOKUP(B52,대학별점수!$B$3:$V$73,9,0) -> 53 | O52: =VLOOKUP(B52,대학별점수!$B$3:$V$73,19,0) -> 67 | P52: =VLOOKUP(B52,대학별점수!$B$3:$V$73,18,0) -> 115 | Q52: =VLOOKUP(B52,대학별점수!$B$3:$V$73,17,0) -> 106 | R52: =VLOOKUP(B52,대학별점수!$B$3:$V$73,16,0) -> 61 | S52: =VLOOKUP(B52,대학별점수!$B$3:$V$73,20,0) -> 4.11 | T52: =VLOOKUP(B52,대학별점수!$B$3:$V$73,21,0) -> 4.02 | U52: ='상담(남)'!U49 -> 교과점수 반영 변경 자연 상승발생
A53: 전북 | B53: =대학별점수!B51 -> 원광대 체육교육 | C53: ='내신(여)'!B52 -> 582 | D53: =VLOOKUP(B53,대학별점수!$B$3:$C$74,2,FALSE) -> 582.5 | E53: =VLOOKUP(B53,대학별점수!$B$3:$D$74,3,FALSE) -> 530 | F53: =C53-D53 -> -0.5 | G53: ='실기환산(여)'!AX2 -> 1000 | H53: =C53+G53 -> 1582 | I53: =VLOOKUP(B53,대학별점수!$B$3:$M$73,4,0) -> 1450 | J53: =VLOOKUP(B53,대학별점수!$B$3:$M$73,5,0) -> 1250 | K53: =VLOOKUP(B53,대학별점수!$B$3:$V$73,6,0) -> 18 | L53: =VLOOKUP(B53,대학별점수!$B$3:$V$73,7,0) -> 18 | M53: =VLOOKUP(B53,대학별점수!$B$3:$V$73,8,0) -> 18 | N53: =VLOOKUP(B53,대학별점수!$B$3:$V$73,9,0) -> 18 | O53: =VLOOKUP(B53,대학별점수!$B$3:$V$73,19,0) -> 9 | P53: =VLOOKUP(B53,대학별점수!$B$3:$V$73,18,0) -> 10 | Q53: =VLOOKUP(B53,대학별점수!$B$3:$V$73,17,0) -> 4 | R53: =VLOOKUP(B53,대학별점수!$B$3:$V$73,16,0) -> 4 | S53: =VLOOKUP(B53,대학별점수!$B$3:$V$73,20,0) -> 16.44 | T53: =VLOOKUP(B53,대학별점수!$B$3:$V$73,21,0) -> 15.56 | U53: ='상담(남)'!U50 -> 교과점수 반영 변경 자연 상승발생
A54: 경기 | B54: =대학별점수!B52 -> 을지대 스포츠아웃도어 | C54: ='내신(여)'!B53 -> 300 | D54: =VLOOKUP(B54,대학별점수!$B$3:$C$74,2,FALSE) -> 255.7 | E54: =VLOOKUP(B54,대학별점수!$B$3:$D$74,3,FALSE) -> 185.1 | F54: =C54-D54 -> 44.3 | G54: ='실기환산(여)'!AY2 -> 700 | H54: =C54+G54 -> 1000 | I54: =VLOOKUP(B54,대학별점수!$B$3:$M$73,4,0) -> 916 | J54: =VLOOKUP(B54,대학별점수!$B$3:$M$73,5,0) -> 892 | K54: =VLOOKUP(B54,대학별점수!$B$3:$V$73,6,0) -> - | L54: =VLOOKUP(B54,대학별점수!$B$3:$V$73,7,0) -> 0 | M54: =VLOOKUP(B54,대학별점수!$B$3:$V$73,8,0) -> 25 | N54: =VLOOKUP(B54,대학별점수!$B$3:$V$73,9,0) -> 27 | O54: =VLOOKUP(B54,대학별점수!$B$3:$V$73,19,0) -> 0 | P54: =VLOOKUP(B54,대학별점수!$B$3:$V$73,18,0) -> 0 | Q54: =VLOOKUP(B54,대학별점수!$B$3:$V$73,17,0) -> 26 | R54: =VLOOKUP(B54,대학별점수!$B$3:$V$73,16,0) -> 27 | S54: =VLOOKUP(B54,대학별점수!$B$3:$V$73,20,0) -> 0 | T54: =VLOOKUP(B54,대학별점수!$B$3:$V$73,21,0) -> 0 | U54: ='상담(남)'!U51 -> 폐지
A55: 인천 | B55: =대학별점수!B53 -> 인천대 운동건강 | C55: ='내신(여)'!B54 -> 200 | D55: =VLOOKUP(B55,대학별점수!$B$3:$C$74,2,FALSE) -> 194.6 | E55: =VLOOKUP(B55,대학별점수!$B$3:$D$74,3,FALSE) -> 190.1 | F55: =C55-D55 -> 5.4 | G55: ='실기환산(여)'!AZ2 -> 200 | H55: =C55+G55 -> 400 | I55: =VLOOKUP(B55,대학별점수!$B$3:$M$73,4,0) -> 487.6 | J55: =VLOOKUP(B55,대학별점수!$B$3:$M$73,5,0) -> 483.1 | K55: =VLOOKUP(B55,대학별점수!$B$3:$V$73,6,0) -> 20 | L55: =VLOOKUP(B55,대학별점수!$B$3:$V$73,7,0) -> 20 | M55: =VLOOKUP(B55,대학별점수!$B$3:$V$73,8,0) -> 20 | N55: =VLOOKUP(B55,대학별점수!$B$3:$V$73,9,0) -> 24 | O55: =VLOOKUP(B55,대학별점수!$B$3:$V$73,19,0) -> 1 | P55: =VLOOKUP(B55,대학별점수!$B$3:$V$73,18,0) -> 4 | Q55: =VLOOKUP(B55,대학별점수!$B$3:$V$73,17,0) -> 7 | R55: =VLOOKUP(B55,대학별점수!$B$3:$V$73,16,0) -> 5 | S55: =VLOOKUP(B55,대학별점수!$B$3:$V$73,20,0) -> 16.05 | T55: =VLOOKUP(B55,대학별점수!$B$3:$V$73,21,0) -> 18.35 | U55: ='상담(남)'!U52 -> .
A56: 인천 | B56: =대학별점수!B54 -> 인천대 스포츠과학 | C56: ='내신(여)'!B55 -> 200 | D56: =VLOOKUP(B56,대학별점수!$B$3:$C$74,2,FALSE) -> 195.4 | E56: =VLOOKUP(B56,대학별점수!$B$3:$D$74,3,FALSE) -> 192.1 | F56: =C56-D56 -> 4.6 | G56: ='실기환산(여)'!BB2 -> 300 | H56: =C56+G56 -> 500 | I56: =VLOOKUP(B56,대학별점수!$B$3:$M$73,4,0) -> 488.4 | J56: =VLOOKUP(B56,대학별점수!$B$3:$M$73,5,0) -> 485.1 | K56: =VLOOKUP(B56,대학별점수!$B$3:$V$73,6,0) -> 27 | L56: =VLOOKUP(B56,대학별점수!$B$3:$V$73,7,0) -> 27 | M56: =VLOOKUP(B56,대학별점수!$B$3:$V$73,8,0) -> 27 | N56: =VLOOKUP(B56,대학별점수!$B$3:$V$73,9,0) -> 27 | O56: =VLOOKUP(B56,대학별점수!$B$3:$V$73,19,0) -> 4 | P56: =VLOOKUP(B56,대학별점수!$B$3:$V$73,18,0) -> 3 | Q56: =VLOOKUP(B56,대학별점수!$B$3:$V$73,17,0) -> 3 | R56: =VLOOKUP(B56,대학별점수!$B$3:$V$73,16,0) -> 6 | S56: =VLOOKUP(B56,대학별점수!$B$3:$V$73,20,0) -> 7.74 | T56: =VLOOKUP(B56,대학별점수!$B$3:$V$73,21,0) -> 8.37 | U56: ='상담(남)'!U53 -> .
A57: 인천 | B57: =대학별점수!B55 -> 인천대 체육교육 | C57: ='내신(여)'!B56 -> 200 | D57: =VLOOKUP(B57,대학별점수!$B$3:$C$74,2,FALSE) -> 198.4 | E57: =VLOOKUP(B57,대학별점수!$B$3:$D$74,3,FALSE) -> 197.1 | F57: =C57-D57 -> 1.6 | G57: ='실기환산(여)'!BA2 -> 300 | H57: =C57+G57 -> 500 | I57: =VLOOKUP(B57,대학별점수!$B$3:$M$73,4,0) -> 395.4 | J57: =VLOOKUP(B57,대학별점수!$B$3:$M$73,5,0) -> 392.4 | K57: =VLOOKUP(B57,대학별점수!$B$3:$V$73,6,0) -> 8 | L57: =VLOOKUP(B57,대학별점수!$B$3:$V$73,7,0) -> 7 | M57: =VLOOKUP(B57,대학별점수!$B$3:$V$73,8,0) -> 7 | N57: =VLOOKUP(B57,대학별점수!$B$3:$V$73,9,0) -> 6 | O57: =VLOOKUP(B57,대학별점수!$B$3:$V$73,19,0) -> 3 | P57: =VLOOKUP(B57,대학별점수!$B$3:$V$73,18,0) -> 0 | Q57: =VLOOKUP(B57,대학별점수!$B$3:$V$73,17,0) -> 1 | R57: =VLOOKUP(B57,대학별점수!$B$3:$V$73,16,0) -> 6 | S57: =VLOOKUP(B57,대학별점수!$B$3:$V$73,20,0) -> 15.29 | T57: =VLOOKUP(B57,대학별점수!$B$3:$V$73,21,0) -> 11.14 | U57: ='상담(남)'!U54 -> 턱걸이,매달리기 폐지 매던 신설
A58: 충남 | B58: =대학별점수!B56 -> 중부대 스포츠재활복지 | C58: ='내신(여)'!B57 -> 260 | D58: =VLOOKUP(B58,대학별점수!$B$3:$C$74,2,FALSE) -> 235 | E58: =VLOOKUP(B58,대학별점수!$B$3:$D$74,3,FALSE) -> 160 | F58: =C58-D58 -> 25 | G58: ='실기환산(여)'!BC2 -> 700 | H58: =C58+G58 -> 960 | I58: =VLOOKUP(B58,대학별점수!$B$3:$M$73,4,0) -> 882 | J58: =VLOOKUP(B58,대학별점수!$B$3:$M$73,5,0) -> 836 | K58: =VLOOKUP(B58,대학별점수!$B$3:$V$73,6,0) -> 10 | L58: =VLOOKUP(B58,대학별점수!$B$3:$V$73,7,0) -> 10 | M58: =VLOOKUP(B58,대학별점수!$B$3:$V$73,8,0) -> 26 | N58: =VLOOKUP(B58,대학별점수!$B$3:$V$73,9,0) -> 22 | O58: =VLOOKUP(B58,대학별점수!$B$3:$V$73,19,0) -> 25 | P58: =VLOOKUP(B58,대학별점수!$B$3:$V$73,18,0) -> 22 | Q58: =VLOOKUP(B58,대학별점수!$B$3:$V$73,17,0) -> 60 | R58: =VLOOKUP(B58,대학별점수!$B$3:$V$73,16,0) -> 101 | S58: =VLOOKUP(B58,대학별점수!$B$3:$V$73,20,0) -> 5.90 | T58: =VLOOKUP(B58,대학별점수!$B$3:$V$73,21,0) -> 2.19 | U58: ='상담(남)'!U55 -> 경쟁률과 컷라인 민감
A59: 충남 | B59: =대학별점수!B57 -> 중부대 스포츠건강관리 | C59: ='내신(여)'!B58 -> 270 | D59: =VLOOKUP(B59,대학별점수!$B$3:$C$74,2,FALSE) -> 220 | E59: =VLOOKUP(B59,대학별점수!$B$3:$D$74,3,FALSE) -> 160 | F59: =C59-D59 -> 50 | G59: ='실기환산(여)'!BD2 -> 700 | H59: =C59+G59 -> 970 | I59: =VLOOKUP(B59,대학별점수!$B$3:$M$73,4,0) -> 848 | J59: =VLOOKUP(B59,대학별점수!$B$3:$M$73,5,0) -> 808 | K59: =VLOOKUP(B59,대학별점수!$B$3:$V$73,6,0) -> 12 | L59: =VLOOKUP(B59,대학별점수!$B$3:$V$73,7,0) -> 10 | M59: =VLOOKUP(B59,대학별점수!$B$3:$V$73,8,0) -> 21 | N59: =VLOOKUP(B59,대학별점수!$B$3:$V$73,9,0) -> 25 | O59: =VLOOKUP(B59,대학별점수!$B$3:$V$73,19,0) -> 35 | P59: =VLOOKUP(B59,대학별점수!$B$3:$V$73,18,0) -> 67 | Q59: =VLOOKUP(B59,대학별점수!$B$3:$V$73,17,0) -> 71 | R59: =VLOOKUP(B59,대학별점수!$B$3:$V$73,16,0) -> 78 | S59: =VLOOKUP(B59,대학별점수!$B$3:$V$73,20,0) -> 5.20 | T59: =VLOOKUP(B59,대학별점수!$B$3:$V$73,21,0) -> 4.86 | U59: ='상담(남)'!U56 -> 경쟁률과 컷라인 민감
A60: 경기 | B60: =대학별점수!B58 -> 중부대 특수체육교육 | C60: ='내신(여)'!B59 -> 288 | D60: =VLOOKUP(B60,대학별점수!$B$3:$C$74,2,FALSE) -> 280 | E60: =VLOOKUP(B60,대학별점수!$B$3:$D$74,3,FALSE) -> 225 | F60: =C60-D60 -> 8 | G60: ='실기환산(여)'!BE2 -> 700 | H60: =C60+G60 -> 988 | I60: =VLOOKUP(B60,대학별점수!$B$3:$M$73,4,0) -> 955 | J60: =VLOOKUP(B60,대학별점수!$B$3:$M$73,5,0) -> 925 | K60: =VLOOKUP(B60,대학별점수!$B$3:$V$73,6,0) -> 18 | L60: =VLOOKUP(B60,대학별점수!$B$3:$V$73,7,0) -> 18 | M60: =VLOOKUP(B60,대학별점수!$B$3:$V$73,8,0) -> 18 | N60: =VLOOKUP(B60,대학별점수!$B$3:$V$73,9,0) -> 18 | O60: =VLOOKUP(B60,대학별점수!$B$3:$V$73,19,0) -> 31 | P60: =VLOOKUP(B60,대학별점수!$B$3:$V$73,18,0) -> 35 | Q60: =VLOOKUP(B60,대학별점수!$B$3:$V$73,17,0) -> 44 | R60: =VLOOKUP(B60,대학별점수!$B$3:$V$73,16,0) -> 29 | S60: =VLOOKUP(B60,대학별점수!$B$3:$V$73,20,0) -> 7.44 | T60: =VLOOKUP(B60,대학별점수!$B$3:$V$73,21,0) -> 8.67 | U60: ='상담(남)'!U57 -> .
A61: 충북 | B61: =대학별점수!B59 -> 중원대 스포츠경영학부 | C61: ='내신(여)'!B60 -> 180 | D61: =VLOOKUP(B61,대학별점수!$B$3:$C$74,2,FALSE) -> 134 | E61: =VLOOKUP(B61,대학별점수!$B$3:$D$74,3,FALSE) -> 104 | F61: =C61-D61 -> 46 | G61: ='실기환산(여)'!BF2 -> 800 | H61: =C61+G61 -> 980 | I61: =VLOOKUP(B61,대학별점수!$B$3:$M$73,4,0) -> 0 | J61: =VLOOKUP(B61,대학별점수!$B$3:$M$73,5,0) -> 0 | K61: =VLOOKUP(B61,대학별점수!$B$3:$V$73,6,0) -> - | L61: =VLOOKUP(B61,대학별점수!$B$3:$V$73,7,0) -> 19 | M61: =VLOOKUP(B61,대학별점수!$B$3:$V$73,8,0) -> 15 | N61: =VLOOKUP(B61,대학별점수!$B$3:$V$73,9,0) -> 15 | O61: =VLOOKUP(B61,대학별점수!$B$3:$V$73,19,0) -> 0 | P61: =VLOOKUP(B61,대학별점수!$B$3:$V$73,18,0) -> - | Q61: =VLOOKUP(B61,대학별점수!$B$3:$V$73,17,0) -> 19 | R61: =VLOOKUP(B61,대학별점수!$B$3:$V$73,16,0) -> 79 | S61: =VLOOKUP(B61,대학별점수!$B$3:$V$73,20,0) -> 1.79 | T61: =VLOOKUP(B61,대학별점수!$B$3:$V$73,21,0) -> 3.6 | U61: ='상담(남)'!U58 -> 미선발
A62: 충북 | B62: =대학별점수!B60 -> 한국교통대 스포츠의학 | C62: ='내신(여)'!B61 -> 590 | D62: =VLOOKUP(B62,대학별점수!$B$3:$C$74,2,FALSE) -> 561 | E62: =VLOOKUP(B62,대학별점수!$B$3:$D$74,3,FALSE) -> 500 | F62: =C62-D62 -> 29 | G62: ='실기환산(여)'!BG2 -> 400 | H62: =C62+G62 -> 990 | I62: =VLOOKUP(B62,대학별점수!$B$3:$M$73,4,0) -> 931 | J62: =VLOOKUP(B62,대학별점수!$B$3:$M$73,5,0) -> 900 | K62: =VLOOKUP(B62,대학별점수!$B$3:$V$73,6,0) -> 13 | L62: =VLOOKUP(B62,대학별점수!$B$3:$V$73,7,0) -> 13 | M62: =VLOOKUP(B62,대학별점수!$B$3:$V$73,8,0) -> 13 | N62: =VLOOKUP(B62,대학별점수!$B$3:$V$73,9,0) -> 27 | O62: =VLOOKUP(B62,대학별점수!$B$3:$V$73,19,0) -> 10 | P62: =VLOOKUP(B62,대학별점수!$B$3:$V$73,18,0) -> 10 | Q62: =VLOOKUP(B62,대학별점수!$B$3:$V$73,17,0) -> 34 | R62: =VLOOKUP(B62,대학별점수!$B$3:$V$73,16,0) -> 28 | S62: =VLOOKUP(B62,대학별점수!$B$3:$V$73,20,0) -> 5.54 | T62: =VLOOKUP(B62,대학별점수!$B$3:$V$73,21,0) -> 7.69 | U62: ='상담(남)'!U59 -> .
A63: 충북 | B63: =대학별점수!B61 -> 한국교통대 스포츠산업 | C63: ='내신(여)'!B62 -> 260 | D63: =VLOOKUP(B63,대학별점수!$B$3:$C$74,2,FALSE) -> 232 | E63: =VLOOKUP(B63,대학별점수!$B$3:$D$74,3,FALSE) -> 195 | F63: =C63-D63 -> 28 | G63: ='실기환산(여)'!BH2 -> 700 | H63: =C63+G63 -> 960 | I63: =VLOOKUP(B63,대학별점수!$B$3:$M$73,4,0) -> 897 | J63: =VLOOKUP(B63,대학별점수!$B$3:$M$73,5,0) -> 875 | K63: =VLOOKUP(B63,대학별점수!$B$3:$V$73,6,0) -> 10 | L63: =VLOOKUP(B63,대학별점수!$B$3:$V$73,7,0) -> 10 | M63: =VLOOKUP(B63,대학별점수!$B$3:$V$73,8,0) -> 11 | N63: =VLOOKUP(B63,대학별점수!$B$3:$V$73,9,0) -> _ | O63: =VLOOKUP(B63,대학별점수!$B$3:$V$73,19,0) -> 10 | P63: =VLOOKUP(B63,대학별점수!$B$3:$V$73,18,0) -> 10 | Q63: =VLOOKUP(B63,대학별점수!$B$3:$V$73,17,0) -> _ | R63: =VLOOKUP(B63,대학별점수!$B$3:$V$73,16,0) -> _ | S63: =VLOOKUP(B63,대학별점수!$B$3:$V$73,20,0) -> 9.60 | T63: =VLOOKUP(B63,대학별점수!$B$3:$V$73,21,0) -> 4.91 | U63: ='상담(남)'!U60 -> .
A64: 대전 | B64: =대학별점수!B68 -> 한남대 스포츠과학 | C64: ='내신(여)'!B69 -> 380 | D64: =VLOOKUP(B64,대학별점수!$B$3:$C$74,2,FALSE) -> 352 | E64: =VLOOKUP(B64,대학별점수!$B$3:$D$74,3,FALSE) -> 312 | F64: =C64-D64 -> 28 | G64: ='실기환산(여)'!BO2 -> 600 | H64: =C64+G64 -> 980 | I64: =VLOOKUP(B64,대학별점수!$B$3:$M$73,4,0) -> 940 | J64: =VLOOKUP(B64,대학별점수!$B$3:$M$73,5,0) -> 912 | K64: =VLOOKUP(B64,대학별점수!$B$3:$V$73,6,0) -> 30 | L64: =VLOOKUP(B64,대학별점수!$B$3:$V$73,7,0) -> 30 | M64: =VLOOKUP(B64,대학별점수!$B$3:$V$73,8,0) -> 30 | N64: =VLOOKUP(B64,대학별점수!$B$3:$V$73,9,0) -> 30 | O64: =VLOOKUP(B64,대학별점수!$B$3:$V$73,19,0) -> 31 | P64: =VLOOKUP(B64,대학별점수!$B$3:$V$73,18,0) -> 55 | Q64: =VLOOKUP(B64,대학별점수!$B$3:$V$73,17,0) -> 15 | R64: =VLOOKUP(B64,대학별점수!$B$3:$V$73,16,0) -> 18 | S64: =VLOOKUP(B64,대학별점수!$B$3:$V$73,20,0) -> 7.53 | T64: =VLOOKUP(B64,대학별점수!$B$3:$V$73,21,0) -> 7.23 | U64: ='상담(남)'!U61 -> .
A65: 충남 | B65: =대학별점수!B69 -> 한서대 경호비서 | C65: ='내신(여)'!B70 -> 160 | D65: =VLOOKUP(B65,대학별점수!$B$3:$C$74,2,FALSE) -> 165 | E65: =VLOOKUP(B65,대학별점수!$B$3:$D$74,3,FALSE) -> 100 | F65: =C65-D65 -> -5 | G65: ='실기환산(여)'!BQ2 -> 500 | H65: =C65+G65 -> 660 | I65: =VLOOKUP(B65,대학별점수!$B$3:$M$73,4,0) -> 580 | J65: =VLOOKUP(B65,대학별점수!$B$3:$M$73,5,0) -> 490 | K65: =VLOOKUP(B65,대학별점수!$B$3:$V$73,6,0) -> 25 | L65: =VLOOKUP(B65,대학별점수!$B$3:$V$73,7,0) -> 25 | M65: =VLOOKUP(B65,대학별점수!$B$3:$V$73,8,0) -> 20 | N65: =VLOOKUP(B65,대학별점수!$B$3:$V$73,9,0) -> 20 | O65: =VLOOKUP(B65,대학별점수!$B$3:$V$73,19,0) -> 15 | P65: =VLOOKUP(B65,대학별점수!$B$3:$V$73,18,0) -> 26 | Q65: =VLOOKUP(B65,대학별점수!$B$3:$V$73,17,0) -> 21 | R65: =VLOOKUP(B65,대학별점수!$B$3:$V$73,16,0) -> 30 | S65: =VLOOKUP(B65,대학별점수!$B$3:$V$73,20,0) -> 2.04 | T65: =VLOOKUP(B65,대학별점수!$B$3:$V$73,21,0) -> 2.75 | U65: ='상담(남)'!U62 -> 면접 제외 점수 면접 중요
A66: 충남 | B66: =대학별점수!B70 -> 한서대 레저해양스포츠 | C66: ='내신(여)'!B71 -> 160 | D66: =VLOOKUP(B66,대학별점수!$B$3:$C$74,2,FALSE) -> 170 | E66: =VLOOKUP(B66,대학별점수!$B$3:$D$74,3,FALSE) -> 100 | F66: =C66-D66 -> -10 | G66: ='실기환산(여)'!BP2 -> 800 | H66: =C66+G66 -> 960 | I66: =VLOOKUP(B66,대학별점수!$B$3:$M$73,4,0) -> 880 | J66: =VLOOKUP(B66,대학별점수!$B$3:$M$73,5,0) -> 745 | K66: =VLOOKUP(B66,대학별점수!$B$3:$V$73,6,0) -> 45 | L66: =VLOOKUP(B66,대학별점수!$B$3:$V$73,7,0) -> 45 | M66: =VLOOKUP(B66,대학별점수!$B$3:$V$73,8,0) -> 40 | N66: =VLOOKUP(B66,대학별점수!$B$3:$V$73,9,0) -> 45 | O66: =VLOOKUP(B66,대학별점수!$B$3:$V$73,19,0) -> 72 | P66: =VLOOKUP(B66,대학별점수!$B$3:$V$73,18,0) -> 76 | Q66: =VLOOKUP(B66,대학별점수!$B$3:$V$73,17,0) -> 53 | R66: =VLOOKUP(B66,대학별점수!$B$3:$V$73,16,0) -> 72 | S66: =VLOOKUP(B66,대학별점수!$B$3:$V$73,20,0) -> 2.78 | T66: =VLOOKUP(B66,대학별점수!$B$3:$V$73,21,0) -> 2.98 | U66: ='상담(남)'!U63 -> 경쟁률과 컷라인 민감
A67: 경기 | B67: =대학별점수!B71 -> 한신대 특수체육 | C67: ='내신(여)'!B72 -> 580 | D67: =VLOOKUP(B67,대학별점수!$B$3:$C$74,2,FALSE) -> 583 | E67: =VLOOKUP(B67,대학별점수!$B$3:$D$74,3,FALSE) -> 573 | F67: =C67-D67 -> -3 | G67: ='실기환산(여)'!BR2 -> 400 | H67: =C67+G67 -> 980 | I67: =VLOOKUP(B67,대학별점수!$B$3:$M$73,4,0) -> 980 | J67: =VLOOKUP(B67,대학별점수!$B$3:$M$73,5,0) -> 973 | K67: =VLOOKUP(B67,대학별점수!$B$3:$V$73,6,0) -> 22 | L67: =VLOOKUP(B67,대학별점수!$B$3:$V$73,7,0) -> 22 | M67: =VLOOKUP(B67,대학별점수!$B$3:$V$73,8,0) -> 22 | N67: =VLOOKUP(B67,대학별점수!$B$3:$V$73,9,0) -> 22 | O67: =VLOOKUP(B67,대학별점수!$B$3:$V$73,19,0) -> 27 | P67: =VLOOKUP(B67,대학별점수!$B$3:$V$73,18,0) -> 17 | Q67: =VLOOKUP(B67,대학별점수!$B$3:$V$73,17,0) -> 30 | R67: =VLOOKUP(B67,대학별점수!$B$3:$V$73,16,0) -> 17 | S67: =VLOOKUP(B67,대학별점수!$B$3:$V$73,20,0) -> 19.95 | T67: =VLOOKUP(B67,대학별점수!$B$3:$V$73,21,0) -> 15.09 | U67: ='상담(남)'!U64 -> 남자 만점 기준 강화 여자 만점 기준 완화
A68: 경기 | B68: =대학별점수!B72 -> 한양대(에) 스포츠과학 | C68: ='내신(여)'!B73 -> 0 | D68: =VLOOKUP(B68,대학별점수!$B$3:$C$74,2,FALSE) -> 0 | E68: =VLOOKUP(B68,대학별점수!$B$3:$D$74,3,FALSE) -> 0 | F68: =C68-D68 -> 0 | G68: ='실기환산(여)'!BS2 -> 400 | H68: =C68+G68 -> 400 | I68: =VLOOKUP(B68,대학별점수!$B$3:$M$73,4,0) -> 0 | J68: =VLOOKUP(B68,대학별점수!$B$3:$M$73,5,0) -> 0 | K68: =VLOOKUP(B68,대학별점수!$B$3:$V$73,6,0) -> 미선발 | L68: =VLOOKUP(B68,대학별점수!$B$3:$V$73,7,0) -> 32 | M68: =VLOOKUP(B68,대학별점수!$B$3:$V$73,8,0) -> 15 | N68: =VLOOKUP(B68,대학별점수!$B$3:$V$73,9,0) -> 15 | O68: =VLOOKUP(B68,대학별점수!$B$3:$V$73,19,0) -> 0 | P68: =VLOOKUP(B68,대학별점수!$B$3:$V$73,18,0) -> 2 | Q68: =VLOOKUP(B68,대학별점수!$B$3:$V$73,17,0) -> 1 | R68: =VLOOKUP(B68,대학별점수!$B$3:$V$73,16,0) -> 0 | S68: =VLOOKUP(B68,대학별점수!$B$3:$V$73,20,0) -> 146.07 | T68: =VLOOKUP(B68,대학별점수!$B$3:$V$73,21,0) -> 115.73 | U68: ='상담(남)'!U65 -> 전형 폐지
A69: 충남 | B69: =대학별점수!B73 -> 호서대 사회체육 | C69: ='내신(여)'!B74 -> 190 | D69: =VLOOKUP(B69,대학별점수!$B$3:$C$74,2,FALSE) -> 156 | E69: =VLOOKUP(B69,대학별점수!$B$3:$D$74,3,FALSE) -> 124 | F69: =C69-D69 -> 34 | G69: ='실기환산(여)'!BT2 -> 800 | H69: =C69+G69 -> 990 | I69: =VLOOKUP(B69,대학별점수!$B$3:$M$73,4,0) -> 940 | J69: =VLOOKUP(B69,대학별점수!$B$3:$M$73,5,0) -> 924 | K69: =VLOOKUP(B69,대학별점수!$B$3:$V$73,6,0) -> 19 | L69: =VLOOKUP(B69,대학별점수!$B$3:$V$73,7,0) -> 19 | M69: =VLOOKUP(B69,대학별점수!$B$3:$V$73,8,0) -> 19 | N69: =VLOOKUP(B69,대학별점수!$B$3:$V$73,9,0) -> 19 | O69: =VLOOKUP(B69,대학별점수!$B$3:$V$73,19,0) -> 37 | P69: =VLOOKUP(B69,대학별점수!$B$3:$V$73,18,0) -> 64 | Q69: =VLOOKUP(B69,대학별점수!$B$3:$V$73,17,0) -> 27 | R69: =VLOOKUP(B69,대학별점수!$B$3:$V$73,16,0) -> 30 | S69: =VLOOKUP(B69,대학별점수!$B$3:$V$73,20,0) -> 24.53 | T69: =VLOOKUP(B69,대학별점수!$B$3:$V$73,21,0) -> 15.09 | U69: ='상담(남)'!U66 -> 경쟁률과 컷라인 민감
A70: 지역 | B70: 대학명 | C70: 1단계내신 | D70: 1단계 평균점수 | E70: 1단계 90%점수 | F70: 내신환산점 과부족 | G70: 내실기점수 | H70: 합격자상위 실기점수 | I70: 합격자평균 실기점수 | J70: 합격자하위 실기점수 | K70: 2026 모집정원 | L70: 2025 모집정원 | M70: 2024 모집정원 | N70: 2023 모집정원 | O70: 2025 충원합격 | P70: 2024 충원합격 | Q70: 2023 충원합격 | R70: 2022 충원합격 | S70: 2025 경쟁률 | T70: 2024 경쟁률 | U70: 참고사항
A71: 서울 | B71: =대학별점수!B62 -> 한국체대 노인체육복지 | C71: ='내신(여)'!B63 -> 800 | D71: =VLOOKUP(B71,대학별점수!$B$3:$C$74,2,FALSE) -> 991.03 | E71: =VLOOKUP(B71,대학별점수!$B$3:$D$74,3,FALSE) -> 989.5 | F71: =C71-D71 -> -191.03 | G71: ='실기환산(여)'!BK2 -> 200 | I71: =VLOOKUP(B71,대학별점수!$B$3:$M$73,4,0) -> 173.68 | J71: =VLOOKUP(B71,대학별점수!$B$3:$M$73,5,0) -> 157.89 | K71: =VLOOKUP(B71,대학별점수!$B$3:$V$73,6,0) -> 7 | L71: =VLOOKUP(B71,대학별점수!$B$3:$V$73,7,0) -> 7 | M71: =VLOOKUP(B71,대학별점수!$B$3:$V$73,8,0) -> 7 | N71: =VLOOKUP($B$71,대학별점수!$B$3:$V$73,9,0) -> 7 | O71: =VLOOKUP(B71,대학별점수!$B$3:$V$73,19,0) -> 0 | P71: =VLOOKUP(B71,대학별점수!$B$3:$V$73,18,0) -> 0 | Q71: =VLOOKUP(B71,대학별점수!$B$3:$V$73,17,0) -> _ | R71: =VLOOKUP(B71,대학별점수!$B$3:$V$73,16,0) -> _ | S71: =VLOOKUP(B71,대학별점수!$B$3:$V$73,20,0) -> 9.57 | T71: =VLOOKUP(B71,대학별점수!$B$3:$V$73,21,0) -> 13.14 | U71: ='상담(남)'!U68 -> .
A72: 서울 | B72: =대학별점수!B63 -> 한국체대 스포츠산업 | C72: ='내신(여)'!B64 -> 1000 | D72: =VLOOKUP(B72,대학별점수!$B$3:$C$74,2,FALSE) -> 991.2 | E72: =VLOOKUP(B72,대학별점수!$B$3:$D$74,3,FALSE) -> 989.4 | F72: =C72-D72 -> 8.8 | G72: ='실기환산(여)'!BL2 -> 300 | I72: =VLOOKUP(B72,대학별점수!$B$3:$M$73,4,0) -> 175.96 | J72: =VLOOKUP(B72,대학별점수!$B$3:$M$73,5,0) -> 157.02 | K72: =VLOOKUP(B72,대학별점수!$B$3:$V$73,6,0) -> 5 | L72: =VLOOKUP(B72,대학별점수!$B$3:$V$73,7,0) -> 10 | M72: =VLOOKUP(B72,대학별점수!$B$3:$V$73,8,0) -> 10 | N72: =VLOOKUP($B$71,대학별점수!$B$3:$V$73,9,0) -> 7 | O72: =VLOOKUP(B72,대학별점수!$B$3:$V$73,19,0) -> 3 | P72: =VLOOKUP(B72,대학별점수!$B$3:$V$73,18,0) -> 1 | Q72: =VLOOKUP(B72,대학별점수!$B$3:$V$73,17,0) -> _ | R72: =VLOOKUP(B72,대학별점수!$B$3:$V$73,16,0) -> _ | S72: =VLOOKUP(B72,대학별점수!$B$3:$V$73,20,0) -> 19.60 | T72: =VLOOKUP(B72,대학별점수!$B$3:$V$73,21,0) -> 21.0 | U72: ='상담(남)'!U69 -> .
A73: 서울 | B73: =대학별점수!B64 -> 한국체대 사회체육 | C73: ='내신(여)'!B65 -> 1000 | D73: =VLOOKUP(B73,대학별점수!$B$3:$C$74,2,FALSE) -> 990.32 | E73: =VLOOKUP(B73,대학별점수!$B$3:$D$74,3,FALSE) -> 988.85 | F73: =C73-D73 -> 9.68 | G73: ='실기환산(여)'!BN2 -> 400 | I73: =VLOOKUP(B73,대학별점수!$B$3:$M$73,4,0) -> 355.95 | J73: =VLOOKUP(B73,대학별점수!$B$3:$M$73,5,0) -> 311.18 | K73: =VLOOKUP(B73,대학별점수!$B$3:$V$73,6,0) -> 10 | L73: =VLOOKUP(B73,대학별점수!$B$3:$V$73,7,0) -> 5 | M73: =VLOOKUP(B73,대학별점수!$B$3:$V$73,8,0) -> 5 | N73: =VLOOKUP($B$71,대학별점수!$B$3:$V$73,9,0) -> 7 | O73: =VLOOKUP(B73,대학별점수!$B$3:$V$73,19,0) -> 0 | P73: =VLOOKUP(B73,대학별점수!$B$3:$V$73,18,0) -> 2 | Q73: =VLOOKUP(B73,대학별점수!$B$3:$V$73,17,0) -> _ | R73: =VLOOKUP(B73,대학별점수!$B$3:$V$73,16,0) -> _ | S73: =VLOOKUP(B73,대학별점수!$B$3:$V$73,20,0) -> 13.20 | T73: =VLOOKUP(B73,대학별점수!$B$3:$V$73,21,0) -> 11.6 | U73: ='상담(남)'!U70 -> .
A74: 서울 | B74: =대학별점수!B65 -> 한국체대 스포츠청소년지도 | C74: ='내신(여)'!B66 -> 999 | D74: =VLOOKUP(B74,대학별점수!$B$3:$C$74,2,FALSE) -> 991.45 | E74: =VLOOKUP(B74,대학별점수!$B$3:$D$74,3,FALSE) -> 990.15 | F74: =C74-D74 -> 7.55 | G74: ='실기환산(여)'!BJ2 -> 200 | I74: =VLOOKUP(B74,대학별점수!$B$3:$M$73,4,0) -> 169.86 | J74: =VLOOKUP(B74,대학별점수!$B$3:$M$73,5,0) -> 145.62 | K74: =VLOOKUP(B74,대학별점수!$B$3:$V$73,6,0) -> 11 | L74: =VLOOKUP(B74,대학별점수!$B$3:$V$73,7,0) -> 11 | M74: =VLOOKUP(B74,대학별점수!$B$3:$V$73,8,0) -> 11 | N74: =VLOOKUP($B$71,대학별점수!$B$3:$V$73,9,0) -> 7 | O74: =VLOOKUP(B74,대학별점수!$B$3:$V$73,19,0) -> 5 | P74: =VLOOKUP(B74,대학별점수!$B$3:$V$73,18,0) -> 0 | Q74: =VLOOKUP(B74,대학별점수!$B$3:$V$73,17,0) -> _ | R74: =VLOOKUP(B74,대학별점수!$B$3:$V$73,16,0) -> _ | S74: =VLOOKUP(B74,대학별점수!$B$3:$V$73,20,0) -> 10.45 | T74: =VLOOKUP(B74,대학별점수!$B$3:$V$73,21,0) -> 13.0 | U74: ='상담(남)'!U71 -> .
A75: 서울 | B75: =대학별점수!B66 -> 한국체대 운동건강 | C75: ='내신(여)'!B67 -> 990 | D75: =VLOOKUP(B75,대학별점수!$B$3:$C$74,2,FALSE) -> 995.31 | E75: =VLOOKUP(B75,대학별점수!$B$3:$D$74,3,FALSE) -> 992.85 | F75: =C75-D75 -> -5.31 | G75: ='실기환산(여)'!BI2 -> 300 | I75: =VLOOKUP(B75,대학별점수!$B$3:$M$73,4,0) -> 261.95 | J75: =VLOOKUP(B75,대학별점수!$B$3:$M$73,5,0) -> 242.11 | K75: =VLOOKUP(B75,대학별점수!$B$3:$V$73,6,0) -> 5 | L75: =VLOOKUP(B75,대학별점수!$B$3:$V$73,7,0) -> 10 | M75: =VLOOKUP(B75,대학별점수!$B$3:$V$73,8,0) -> 10 | N75: =VLOOKUP($B$71,대학별점수!$B$3:$V$73,9,0) -> 7 | O75: =VLOOKUP(B75,대학별점수!$B$3:$V$73,19,0) -> 1 | P75: =VLOOKUP(B75,대학별점수!$B$3:$V$73,18,0) -> 0 | Q75: =VLOOKUP(B75,대학별점수!$B$3:$V$73,17,0) -> _ | R75: =VLOOKUP(B75,대학별점수!$B$3:$V$73,16,0) -> _ | S75: =VLOOKUP(B75,대학별점수!$B$3:$V$73,20,0) -> 7.70 | T75: =VLOOKUP(B75,대학별점수!$B$3:$V$73,21,0) -> 10.5 | U75: ='상담(남)'!U72 -> .
A76: 서울 | B76: =대학별점수!B67 -> 한국체대 특수체육교육 | C76: ='내신(여)'!B68 -> 989 | D76: =VLOOKUP(B76,대학별점수!$B$3:$C$74,2,FALSE) -> 994.61 | E76: =VLOOKUP(B76,대학별점수!$B$3:$D$74,3,FALSE) -> 992.4 | F76: =C76-D76 -> -5.61 | G76: ='실기환산(여)'!BM2 -> 300 | I76: =VLOOKUP(B76,대학별점수!$B$3:$M$73,4,0) -> 253.05 | J76: =VLOOKUP(B76,대학별점수!$B$3:$M$73,5,0) -> 226.32 | K76: =VLOOKUP(B76,대학별점수!$B$3:$V$73,6,0) -> 19 | L76: =VLOOKUP(B76,대학별점수!$B$3:$V$73,7,0) -> 19 | M76: =VLOOKUP(B76,대학별점수!$B$3:$V$73,8,0) -> 19 | N76: =VLOOKUP($B$71,대학별점수!$B$3:$V$73,9,0) -> 7 | O76: =VLOOKUP(B76,대학별점수!$B$3:$V$73,19,0) -> 6 | P76: =VLOOKUP(B76,대학별점수!$B$3:$V$73,18,0) -> 4 | Q76: =VLOOKUP(B76,대학별점수!$B$3:$V$73,17,0) -> _ | R76: =VLOOKUP(B76,대학별점수!$B$3:$V$73,16,0) -> _ | S76: =VLOOKUP(B76,대학별점수!$B$3:$V$73,20,0) -> 5.21 | T76: =VLOOKUP(B76,대학별점수!$B$3:$V$73,21,0) -> 5.63 | U76: ='상담(남)'!U73 -> 면접 중요

Sheet 내신(남)
A3: 대학 | B3: ='상담(남)'!E2 -> 황규훈 | C3: 만점점수 | D3: 연번 | E3: 황규훈 | F3: 노동기
A4: 가천대 체육 | B4: =INDEX($E$3:$AAV$106,D4+1,MATCH($B$3,$E$3:$AAV$3,0)) -> 300 | C4: 300 | D4: 1 | E4: 300 | J4: 291.795 | K4: 5.27
A5: 가톨릭관동대 체육교육 | B5: =INDEX($E$3:$AAV$106,D5+1,MATCH($B$3,$E$3:$AAV$3,0)) -> 700 | C5: 700 | D5: 2 | E5: 700
A6: 가톨릭관동대 스포츠레저전공 | B6: =INDEX($E$3:$AAV$106,D6+1,MATCH($B$3,$E$3:$AAV$3,0)) -> 600 | C6: 600 | D6: 3 | E6: 600
A7: 가톨릭관동대 스포츠재활전공 | B7: =INDEX($E$3:$AAV$106,D7+1,MATCH($B$3,$E$3:$AAV$3,0)) -> 600 | C7: 600 | D7: 4 | E7: 600
A8: 강남대 체육 | B8: =INDEX($E$3:$AAV$106,D8+1,MATCH($B$3,$E$3:$AAV$3,0)) -> 300 | C8: 300 | D8: 5 | E8: 300 | F8: 98.05 | G8: 96.59 | H8: 95.13 | I8: 93.67 | J8: 282.86 | K8: 5.65
A9: 건국대(글) 스포츠건강 | B9: =INDEX($E$3:$AAV$106,D9+1,MATCH($B$3,$E$3:$AAV$3,0)) -> 200 | C9: 200 | D9: 6 | E9: 200
A10: 경기대 스포츠과학 | B10: =INDEX($E$3:$AAV$106,D10+1,MATCH($B$3,$E$3:$AAV$3,0)) -> 39 | C10: 30 | D10: 7 | E10: 39
A11: 경기대 체육 | B11: =INDEX($E$3:$AAV$106,D11+1,MATCH($B$3,$E$3:$AAV$3,0)) -> 39 | C11: 40 | D11: 8 | E11: 39
A12: 극동대 사회체육 | B12: =INDEX($E$3:$AAV$106,D12+1,MATCH($B$3,$E$3:$AAV$3,0)) -> 200 | C12: 200 | D12: 9 | E12: 200 | F12: 91.5 | G12: 84.5 | H12: 77.5 | I12: 70.5 | J12: 63.5
A13: 나사렛대 재활스포츠 | B13: =INDEX($E$3:$AAV$106,D13+1,MATCH($B$3,$E$3:$AAV$3,0)) -> 100 | C13: 100 | D13: 10 | E13: 100 | F13: 91.5 | G13: 84.5 | H13: 77.5 | I13: 70.5 | J13: 63.5
A14: 남서울대 스포츠건강관리 | B14: =INDEX($E$3:$AAV$106,D14+1,MATCH($B$3,$E$3:$AAV$3,0)) -> 258 | C14: 300 | D14: 11 | E14: 258
A15: 남서울대 스포츠비즈니스 | B15: =INDEX($E$3:$AAV$106,D15+1,MATCH($B$3,$E$3:$AAV$3,0)) -> 249 | C15: 300 | D15: 12 | E15: 249
A16: 단국대 체육교육 | B16: =INDEX($E$3:$AAV$106,D16+1,MATCH($B$3,$E$3:$AAV$3,0)) -> 0 | C16: 700 | D16: 13
A17: 단국대 생활체육 | B17: =INDEX($E$3:$AAV$106,D17+1,MATCH($B$3,$E$3:$AAV$3,0)) -> 198 | C17: 200 | D17: 14 | E17: 198
A18: 단국대 운동처방재활 | B18: =INDEX($E$3:$AAV$106,D18+1,MATCH($B$3,$E$3:$AAV$3,0)) -> 198 | C18: 200 | D18: 15 | E18: 198 | J18: 185.918 | K18: 5.393
A19: 대전대 스포츠건강재활 | B19: =INDEX($E$3:$AAV$106,D19+1,MATCH($B$3,$E$3:$AAV$3,0)) -> 400 | C19: 400 | D19: 16 | E19: 400
A20: 대전대 스포츠운동과학 | B20: =INDEX($E$3:$AAV$106,D20+1,MATCH($B$3,$E$3:$AAV$3,0)) -> 400 | C20: 400 | D20: 17 | E20: 400
A21: 대진대 스포츠겅강과학 | B21: =INDEX($E$3:$AAV$106,D21+1,MATCH($B$3,$E$3:$AAV$3,0)) -> 200 | C21: 200 | D21: 18 | E21: 200
A22: 동국대 체육교육 | B22: =INDEX($E$3:$AAV$106,D22+1,MATCH($B$3,$E$3:$AAV$3,0)) -> 300 | C22: 300 | D22: 19 | E22: 300 | F22: 199 | G22: 199 | H22: 197 | I22: 188 | J22: 180
A23: 목원대 스포츠건강관리 | B23: =INDEX($E$3:$AAV$106,D23+1,MATCH($B$3,$E$3:$AAV$3,0)) -> 92 | C23: 100 | D23: 20 | E23: 92 | F23: 222
A24: 백석대 특수체육교육 | B24: =INDEX($E$3:$AAV$106,D24+1,MATCH($B$3,$E$3:$AAV$3,0)) -> 600 | C24: 600 | D24: 21 | E24: 600 | J24: 360
A25: 백석대 스포츠과학 | B25: =INDEX($E$3:$AAV$106,D25+1,MATCH($B$3,$E$3:$AAV$3,0)) -> 400 | C25: 400 | D25: 22 | E25: 400
A26: 삼육대 체육 | B26: =INDEX($E$3:$AAV$106,D26+1,MATCH($B$3,$E$3:$AAV$3,0)) -> 400 | C26: 400 | D26: 23 | E26: 400
A27: 상명대 스포츠건강 | B27: =INDEX($E$3:$AAV$106,D27+1,MATCH($B$3,$E$3:$AAV$3,0)) -> 300 | C27: 300 | D27: 24 | E27: 300 | J27: 250 | K27: 5.82
A28: 상명대(천안) 스포츠융합 | B28: =INDEX($E$3:$AAV$106,D28+1,MATCH($B$3,$E$3:$AAV$3,0)) -> 400 | C28: 400 | D28: 25 | E28: 400
A29: 상지대 체육 | B29: =INDEX($E$3:$AAV$106,D29+1,MATCH($B$3,$E$3:$AAV$3,0)) -> 300 | C29: 400 | D29: 26 | E29: 300 | F29: 361 | G29: 358 | H29: 360 | I29: 388 | J29: 340
A30: 서경대 스포츠&테크놀러지 | B30: =INDEX($E$3:$AAV$106,D30+1,MATCH($B$3,$E$3:$AAV$3,0)) -> 250 | C30: 300 | D30: 27 | E30: 250
A31: 서원대 체육교육 | B31: =INDEX($E$3:$AAV$106,D31+1,MATCH($B$3,$E$3:$AAV$3,0)) -> 600 | C31: 600 | D31: 28 | E31: 600
A32: 서원대 레저스포츠 | B32: =INDEX($E$3:$AAV$106,D32+1,MATCH($B$3,$E$3:$AAV$3,0)) -> 200 | C32: 200 | D32: 29 | E32: 200
A33: 서원대 헬스케어운동 | B33: =INDEX($E$3:$AAV$106,D33+1,MATCH($B$3,$E$3:$AAV$3,0)) -> 200 | C33: 200 | D33: 30 | E33: 200
A34: 선문대 스포츠과학전공 | B34: =INDEX($E$3:$AAV$106,D34+1,MATCH($B$3,$E$3:$AAV$3,0)) -> 200 | C34: 200 | D34: 31 | E34: 200
A35: 선문대 피트니스재활 | B35: =INDEX($E$3:$AAV$106,D35+1,MATCH($B$3,$E$3:$AAV$3,0)) -> 180 | C35: 200 | D35: 32 | E35: 180
A36: 성결대 체육교육 | B36: =INDEX($E$3:$AAV$106,D36+1,MATCH($B$3,$E$3:$AAV$3,0)) -> 400 | C36: 400 | D36: 33 | E36: 400
A37: 세명대 생활체육 | B37: =INDEX($E$3:$AAV$106,D37+1,MATCH($B$3,$E$3:$AAV$3,0)) -> 200 | C37: 200 | D37: 34 | E37: 200
A38: 수원대 스포츠과학부 | B38: =INDEX($E$3:$AAV$106,D38+1,MATCH($B$3,$E$3:$AAV$3,0)) -> 400 | C38: 400 | D38: 35 | E38: 400 | F38: 196 | G38: 197 | H38: 198 | I38: 199 | J38: 374 | K38: 5.25
A39: 순천향대 스포츠과학 | B39: =INDEX($E$3:$AAV$106,D39+1,MATCH($B$3,$E$3:$AAV$3,0)) -> 300 | C39: 300 | D39: 36 | E39: 300
A40: 순천향대 스포츠의학 | B40: =INDEX($E$3:$AAV$106,D40+1,MATCH($B$3,$E$3:$AAV$3,0)) -> 300 | C40: 300 | D40: 37 | E40: 300 | F40: 188 | G40: 185 | H40: 180 | I40: 192 | J40: 198
A41: 순천향대 사회체육 | B41: =INDEX($E$3:$AAV$106,D41+1,MATCH($B$3,$E$3:$AAV$3,0)) -> 400 | C41: 400 | D41: 38 | E41: 400 | F41: 91 | G41: 90 | H41: 88 | I41: 89 | J41: 87
A42: 안양대 스포츠과학 | B42: =INDEX($E$3:$AAV$106,D42+1,MATCH($B$3,$E$3:$AAV$3,0)) -> 300 | C42: 400 | D42: 39 | E42: 300
A43: 안양대 스포츠산업 | B43: =INDEX($E$3:$AAV$106,D43+1,MATCH($B$3,$E$3:$AAV$3,0)) -> 280 | C43: 400 | D43: 40 | E43: 280
A44: 안양대 스포츠자율전공 | B44: =INDEX($E$3:$AAV$106,D44+1,MATCH($B$3,$E$3:$AAV$3,0)) -> 250 | C44: 400 | D44: 41 | E44: 250
A45: 용인대 스포츠레저 | B45: =INDEX($E$3:$AAV$106,D45+1,MATCH($B$3,$E$3:$AAV$3,0)) -> 140 | C45: 150 | D45: 42 | E45: 140
A46: 용인대 특수체육교육 | B46: =INDEX($E$3:$AAV$106,D46+1,MATCH($B$3,$E$3:$AAV$3,0)) -> 148 | C46: 150 | D46: 43 | E46: 148
A47: 용인대 체육 | B47: =INDEX($E$3:$AAV$106,D47+1,MATCH($B$3,$E$3:$AAV$3,0)) -> 142 | C47: 150 | D47: 44 | E47: 142
A48: 원광대 스포츠과학 | B48: =INDEX($E$3:$AAV$106,D48+1,MATCH($B$3,$E$3:$AAV$3,0)) -> 400 | C48: 600 | D48: 45 | E48: 400
A49: 원광대 체육교육 | B49: =INDEX($E$3:$AAV$106,D49+1,MATCH($B$3,$E$3:$AAV$3,0)) -> 400 | C49: 600 | D49: 46 | E49: 400
A50: 을지대 스포츠아웃도어 | B50: =INDEX($E$3:$AAV$106,D50+1,MATCH($B$3,$E$3:$AAV$3,0)) -> 300 | C50: 300 | D50: 47 | E50: 300
A51: 인천대 운동건강 | B51: =INDEX($E$3:$AAV$106,D51+1,MATCH($B$3,$E$3:$AAV$3,0)) -> 200 | C51: 200 | D51: 48 | E51: 200
A52: 인천대 스포츠과학 | B52: =INDEX($E$3:$AAV$106,D52+1,MATCH($B$3,$E$3:$AAV$3,0)) -> 200 | C52: 200 | D52: 49 | E52: 200
A53: 인천대 체육교육 | B53: =INDEX($E$3:$AAV$106,D53+1,MATCH($B$3,$E$3:$AAV$3,0)) -> 200 | C53: 200 | D53: 50 | E53: 200
... A69: 한신대 특수체육 | B69: =INDEX($E$3:$AAV$106,D69+1,MATCH($B$3,$E$3:$AAV$3,0)) -> 600 | C69: 600 | D69: 66 | E69: 600
A70: 한양대(에) 스포츠과학 | B70: =INDEX($E$3:$AAV$106,D70+1,MATCH($B$3,$E$3:$AAV$3,0)) -> 0 | D70: 67
A71: 호서대 사회체육 | B71: =INDEX($E$3:$AAV$106,D71+1,MATCH($B$3,$E$3:$AAV$3,0)) -> 200 | C71: 200 | D71: 68 | E71: 200

Sheet 내신(여)
A3: 대학 | B3: ='상담(여)'!E2 -> 고춘자 | C3: 만점점수 | D3: 연번 | E3: 고춘자 | F3: 여자1 | G3: 여자2 | H3: 여자3
A4: 가천대 체육 | B4: =INDEX($E$3:$AAX$108,D4+1,MATCH($B$3,$E$3:$AAX$3,0)) -> 300 | C4: ='내신(남)'!C4 -> 300 | D4: 1 | E4: ='내신(남)'!E4 -> 300
A5: 가톨릭관동대 체육교육 | B5: =INDEX($E$3:$AAX$108,D5+1,MATCH($B$3,$E$3:$AAX$3,0)) -> 700 | C5: ='내신(남)'!C5 -> 700 | D5: 2 | E5: ='내신(남)'!E5 -> 700
A6: 가톨릭관동대 스포츠레저전공 | B6: =INDEX($E$3:$AAX$108,D6+1,MATCH($B$3,$E$3:$AAX$3,0)) -> 600 | C6: ='내신(남)'!C6 -> 600 | D6: 3 | E6: ='내신(남)'!E6 -> 600
A7: 가톨릭관동대 스포츠재활전공 | B7: =INDEX($E$3:$AAX$108,D7+1,MATCH($B$3,$E$3:$AAX$3,0)) -> 600 | C7: ='내신(남)'!C7 -> 600 | D7: 4 | E7: ='내신(남)'!E7 -> 600
A8: 강남대 체육 | B8: =INDEX($E$3:$AAX$108,D8+1,MATCH($B$3,$E$3:$AAX$3,0)) -> 300 | C8: ='내신(남)'!C8 -> 300 | D8: 5 | E8: ='내신(남)'!E8 -> 300
A9: 건국대(글) 스포츠건강 | B9: =INDEX($E$3:$AAX$108,D9+1,MATCH($B$3,$E$3:$AAX$3,0)) -> 200 | C9: ='내신(남)'!C9 -> 200 | D9: 6 | E9: ='내신(남)'!E9 -> 200
A10: 경기대 스포츠과학 | B10: =INDEX($E$3:$AAX$108,D10+1,MATCH($B$3,$E$3:$AAX$3,0)) -> 39.8 | C10: 30 | D10: 7 | E10: 39.8
A11: 경기대 체육 | B11: =INDEX($E$3:$AAX$108,D11+1,MATCH($B$3,$E$3:$AAX$3,0)) -> 36.55 | C11: 40 | D11: 8 | E11: 36.55
A12: 극동대 사회체육 | B12: =INDEX($E$3:$AAX$108,D12+1,MATCH($B$3,$E$3:$AAX$3,0)) -> 200 | C12: ='내신(남)'!C12 -> 200 | D12: 9 | E12: ='내신(남)'!E12 -> 200
A13: 나사렛대 재활스포츠 | B13: =INDEX($E$3:$AAX$108,D13+1,MATCH($B$3,$E$3:$AAX$3,0)) -> 100 | C13: ='내신(남)'!C13 -> 100 | D13: 10 | E13: ='내신(남)'!E13 -> 100
A14: 남서울대 스포츠건강관리 | B14: =INDEX($E$3:$AAX$108,D14+1,MATCH($B$3,$E$3:$AAX$3,0)) -> 300 | C14: 300 | D14: 11 | E14: 300
A15: 남서울대 스포츠비즈니스 | B15: =INDEX($E$3:$AAX$108,D15+1,MATCH($B$3,$E$3:$AAX$3,0)) -> 300 | C15: 300 | D15: 12 | E15: 300
A16: 단국대 체육교육 | C16: 700 | D16: 13
A17: 단국대 생활체육 | B17: =INDEX($E$3:$AAX$108,D17+1,MATCH($B$3,$E$3:$AAX$3,0)) -> 197.5 | C17: 200 | D17: 14 | E17: 197.5
A18: 단국대 운동처방재활 | B18: =INDEX($E$3:$AAX$108,D18+1,MATCH($B$3,$E$3:$AAX$3,0)) -> 197.5 | C18: 200 | D18: 15 | E18: 197.5
A19: 대전대 스포츠건강재활 | B19: =INDEX($E$3:$AAX$108,D19+1,MATCH($B$3,$E$3:$AAX$3,0)) -> 400 | C19: ='내신(남)'!C19 -> 400 | D19: 16 | E19: ='내신(남)'!E19 -> 400
A20: 대전대 스포츠운동과학 | B20: =INDEX($E$3:$AAX$108,D20+1,MATCH($B$3,$E$3:$AAX$3,0)) -> 400 | C20: ='내신(남)'!C20 -> 400 | D20: 17 | E20: ='내신(남)'!E20 -> 400
A21: 대진대 스포츠겅강과학 | B21: =INDEX($E$3:$AAX$108,D21+1,MATCH($B$3,$E$3:$AAX$3,0)) -> 200 | C21: ='내신(남)'!C21 -> 200 | D21: 18 | E21: ='내신(남)'!E21 -> 200
A22: 동국대 체육교육 | B22: =INDEX($E$3:$AAX$108,D22+1,MATCH($B$3,$E$3:$AAX$3,0)) -> 300 | C22: ='내신(남)'!C22 -> 300 | D22: 19 | E22: ='내신(남)'!E22 -> 300
A23: 동덕여대 체육 | B23: =INDEX($E$3:$AAX$108,D23+1,MATCH($B$3,$E$3:$AAX$3,0)) -> 199.99 | C23: 200 | D23: 20 | E23: 199.99
A24: 목원대 스포츠건강관리 | B24: =INDEX($E$3:$AAX$108,D24+1,MATCH($B$3,$E$3:$AAX$3,0)) -> 99.85 | C24: 100 | D24: 21 | E24: 99.85
A25: 백석대 특수체육교육 | B25: =INDEX($E$3:$AAX$108,D25+1,MATCH($B$3,$E$3:$AAX$3,0)) -> 600 | C25: ='내신(남)'!C24 -> 600 | D25: 22 | E25: ='내신(남)'!E24 -> 600
A26: 백석대 스포츠과학 | B26: =INDEX($E$3:$AAX$108,D26+1,MATCH($B$3,$E$3:$AAX$3,0)) -> 400 | C26: ='내신(남)'!C25 -> 400 | D26: 23 | E26: ='내신(남)'!E25 -> 400
A27: 삼육대 체육 | B27: =INDEX($E$3:$AAX$108,D27+1,MATCH($B$3,$E$3:$AAX$3,0)) -> 395 | C27: 400 | D27: 24 | E27: 395
A28: 상명대 스포츠건강 | B28: =INDEX($E$3:$AAX$108,D28+1,MATCH($B$3,$E$3:$AAX$3,0)) -> 300 | C28: 300 | D28: 25 | E28: 300
A29: 상명대(천안) 스포츠융합 | B29: =INDEX($E$3:$AAX$108,D29+1,MATCH($B$3,$E$3:$AAX$3,0)) -> 400 | C29: ='내신(남)'!C28 -> 400 | D29: 26 | E29: ='내신(남)'!E28 -> 400
A30: 상지대 체육 | B30: =INDEX($E$3:$AAX$108,D30+1,MATCH($B$3,$E$3:$AAX$3,0)) -> 300 | C30: ='내신(남)'!C29 -> 400 | D30: 27 | E30: ='내신(남)'!E29 -> 300
A31: 서경대 스포츠&테크놀러지 | C31: 300 | D31: 28 | E31: 300
A32: 서울여대 스포츠운동과학 | B32: =INDEX($E$3:$AAX$108,D32+1,MATCH($B$3,$E$3:$AAX$3,0)) -> 600 | C32: 600 | D32: 29 | E32: 600
A33: 서원대 체육교육 | B33: =INDEX($E$3:$AAX$108,D33+1,MATCH($B$3,$E$3:$AAX$3,0)) -> 600 | C33: ='내신(남)'!C31 -> 600 | D33: 30 | E33: ='내신(남)'!E31 -> 600
A34: 서원대 레저스포츠 | B34: =INDEX($E$3:$AAX$108,D34+1,MATCH($B$3,$E$3:$AAX$3,0)) -> 185 | C34: ='내신(남)'!C32 -> 200 | D34: 31 | E34: 185
A35: 서원대 헬스케어운동 | B35: =INDEX($E$3:$AAX$108,D35+1,MATCH($B$3,$E$3:$AAX$3,0)) -> 165 | C35: 200 | D35: 32 | E35: 165
A36: 선문대 스포츠과학전공 | B36: =INDEX($E$3:$AAX$108,D36+1,MATCH($B$3,$E$3:$AAX$3,0)) -> 180 | C36: ='내신(남)'!C34 -> 200 | D36: 33 | E36: 180
A37: 선문대 피트니스재활 | B37: =INDEX($E$3:$AAX$108,D37+1,MATCH($B$3,$E$3:$AAX$3,0)) -> 170 | C37: 200 | D37: 34 | E37: 170
A38: 성결대 체육교육 | B38: =INDEX($E$3:$AAX$108,D38+1,MATCH($B$3,$E$3:$AAX$3,0)) -> 400 | C38: ='내신(남)'!C36 -> 400 | D38: 35 | E38: ='내신(남)'!E36 -> 400
A39: 세명대 생활체육 | B39: =INDEX($E$3:$AAX$108,D39+1,MATCH($B$3,$E$3:$AAX$3,0)) -> 200 | C39: ='내신(남)'!C37 -> 200 | D39: 36 | E39: ='내신(남)'!E37 -> 200
A40: 수원대 스포츠과학부 | B40: =INDEX($E$3:$AAX$108,D40+1,MATCH($B$3,$E$3:$AAX$3,0)) -> 400 | C40: ='내신(남)'!C38 -> 400 | D40: 37 | E40: ='내신(남)'!E38 -> 400
A41: 숙명여대 체육교육 | B41: =INDEX($E$3:$AAX$108,D41+1,MATCH($B$3,$E$3:$AAX$3,0)) -> 400 | C41: 400 | D41: 38 | E41: 400
A42: 순천향대 스포츠과학 | B42: =INDEX($E$3:$AAX$108,D42+1,MATCH($B$3,$E$3:$AAX$3,0)) -> 300 | C42: ='내신(남)'!C39 -> 300 | D42: 39 | E42: ='내신(남)'!E39 -> 300
A43: 순천향대 스포츠의학 | B43: =INDEX($E$3:$AAX$108,D43+1,MATCH($B$3,$E$3:$AAX$3,0)) -> 300 | C43: ='내신(남)'!C40 -> 300 | D43: 40 | E43: ='내신(남)'!E40 -> 300
A44: 순천향대 사회체육 | B44: =INDEX($E$3:$AAX$108,D44+1,MATCH($B$3,$E$3:$AAX$3,0)) -> 400 | C44: ='내신(남)'!C41 -> 400 | D44: 41 | E44: ='내신(남)'!E41 -> 400
A45: 안양대 스포츠과학 | B45: =INDEX($E$3:$AAX$108,D45+1,MATCH($B$3,$E$3:$AAX$3,0)) -> 350 | C45: 400 | D45: 42 | E45: 350
A46: 안양대 스포츠산업 | B46: =INDEX($E$3:$AAX$108,D46+1,MATCH($B$3,$E$3:$AAX$3,0)) -> 368 | C46: 400 | D46: 43 | E46: 368
A47: 안양대 스포츠자율전공 | C47: 400 | D47: 44
A48: 용인대 스포츠레저 | B48: =INDEX($E$3:$AAX$108,D48+1,MATCH($B$3,$E$3:$AAX$3,0)) -> 198 | C48: ='내신(남)'!C45 -> 150 | D48: 45 | E48: 198
A49: 용인대 특수체육교육 | B49: =INDEX($E$3:$AAX$108,D49+1,MATCH($B$3,$E$3:$AAX$3,0)) -> 192 | C49: ='내신(남)'!C46 -> 150 | D49: 46 | E49: 192
A50: 용인대 체육 | C50: 150 | D50: 47
A51: 원광대 스포츠과학 | B51: =INDEX($E$3:$AAX$108,D51+1,MATCH($B$3,$E$3:$AAX$3,0)) -> 524 | C51: ='내신(남)'!C48 -> 600 | D51: 48 | E51: 524
A52: 원광대 체육교육 | B52: =INDEX($E$3:$AAX$108,D52+1,MATCH($B$3,$E$3:$AAX$3,0)) -> 582 | C52: ='내신(남)'!C49 -> 600 | D52: 49 | E52: 582
A53: 을지대 스포츠아웃도어 | B53: =INDEX($E$3:$AAX$108,D53+1,MATCH($B$3,$E$3:$AAX$3,0)) -> 300 | C53: ='내신(남)'!C50 -> 300 | D53: 50 | E53: ='내신(남)'!E50 -> 300
A54: 인천대 운동건강 | B54: =INDEX($E$3:$AAX$108,D54+1,MATCH($B$3,$E$3:$AAX$3,0)) -> 200 | C54: ='내신(남)'!C51 -> 200 | D54: 51 | E54: ='내신(남)'!E51 -> 200
A55: 인천대 스포츠과학 | B55: =INDEX($E$3:$AAX$108,D55+1,MATCH($B$3,$E$3:$AAX$3,0)) -> 200 | C55: ='내신(남)'!C52 -> 200 | D55: 52 | E55: ='내신(남)'!E52 -> 200
A56: 인천대 체육교육 | B56: =INDEX($E$3:$AAX$108,D56+1,MATCH($B$3,$E$3:$AAX$3,0)) -> 200 | C56: ='내신(남)'!C53 -> 200 | D56: 53 | E56: ='내신(남)'!E53 -> 200
A57: 중부대 스포츠재활복지 | B57: =INDEX($E$3:$AAX$108,D57+1,MATCH($B$3,$E$3:$AAX$3,0)) -> 260 | C57: ='내신(남)'!C54 -> 300 | D57: 54 | E57: 260
A58: 중부대 스포츠건강 | B58: =INDEX($E$3:$AAX$108,D58+1,MATCH($B$3,$E$3:$AAX$3,0)) -> 270 | C58: ='내신(남)'!C55 -> 300 | D58: 55 | E58: 270
A59: 중부대 특수체육교육 | B59: =INDEX($E$3:$AAX$108,D59+1,MATCH($B$3,$E$3:$AAX$3,0)) -> 288 | C59: 300 | D59: 56 | E59: 288
A60: 중원대 스포츠산업 | B60: =INDEX($E$3:$AAX$108,D60+1,MATCH($B$3,$E$3:$AAX$3,0)) -> 180 | C60: ='내신(남)'!C57 -> 200 | D60: 57 | E60: 180
A61: 한국교통대 스포츠의학 | B61: =INDEX($E$3:$AAX$108,D61+1,MATCH($B$3,$E$3:$AAX$3,0)) -> 590 | C61: ='내신(남)'!C58 -> 600 | D61: 58 | E61: 590
A62: 한국교통대 스포츠산업 | B62: =INDEX($E$3:$AAX$108,D62+1,MATCH($B$3,$E$3:$AAX$3,0)) -> 260 | C62: 300 | D62: 59 | E62: 260
A63: 한국체대 노인체육복지 | B63: =INDEX($E$3:$AAX$108,D63+1,MATCH($B$3,$E$3:$AAX$3,0)) -> 800 | C63: ='내신(남)'!C60 -> 1000 | D63: 60 | E63: ='내신(남)'!E60 -> 800
A64: 한국체대 스포츠산업 | B64: =INDEX($E$3:$AAX$108,D64+1,MATCH($B$3,$E$3:$AAX$3,0)) -> 1000 | C64: ='내신(남)'!C61 -> 1000 | D64: 61 | E64: ='내신(남)'!E61 -> 1000
A65: 한국체대 사회체육 | B65: =INDEX($E$3:$AAX$108,D65+1,MATCH($B$3,$E$3:$AAX$3,0)) -> 1000 | C65: ='내신(남)'!C62 -> 1000 | D65: 62 | E65: ='내신(남)'!E62 -> 1000
A66: 한국체대 스포츠청소년지도 | B66: =INDEX($E$3:$AAX$108,D66+1,MATCH($B$3,$E$3:$AAX$3,0)) -> 999 | C66: ='내신(남)'!C63 -> 1000 | D66: 63 | E66: ='내신(남)'!E63 -> 999
A67: 한국체대 운동건강 | B67: =INDEX($E$3:$AAX$108,D67+1,MATCH($B$3,$E$3:$AAX$3,0)) -> 990 | C67: ='내신(남)'!C64 -> 1000 | D67: 64 | E67: ='내신(남)'!E64 -> 990
A68: 한국체대 특수체육교육 | B68: =INDEX($E$3:$AAX$108,D68+1,MATCH($B$3,$E$3:$AAX$3,0)) -> 989 | C68: ='내신(남)'!C65 -> 1000 | D68: 65 | E68: ='내신(남)'!E65 -> 989
A69: 한남대 스포츠과학 | B69: =INDEX($E$3:$AAX$108,D69+1,MATCH($B$3,$E$3:$AAX$3,0)) -> 380 | C69: ='내신(남)'!C66 -> 400 | D69: 66 | E69: 380
A70: 한서대 경호비서 | B70: =INDEX($E$3:$AAX$108,D70+1,MATCH($B$3,$E$3:$AAX$3,0)) -> 160 | C70: ='내신(남)'!C67 -> 200 | D70: 67 | E70: 160
A71: 한서대 레저해양스포츠 | B71: =INDEX($E$3:$AAX$108,D71+1,MATCH($B$3,$E$3:$AAX$3,0)) -> 160 | C71: ='내신(남)'!C68 -> 200 | D71: 68 | E71: 160
A72: 한신대 특수체육 | B72: =INDEX($E$3:$AAX$108,D72+1,MATCH($B$3,$E$3:$AAX$3,0)) -> 580 | C72: ='내신(남)'!C69 -> 600 | D72: 69 | E72: 580
A73: 한양대(에) 스포츠과학 | B73: =INDEX($E$3:$AAX$108,D73+1,MATCH($B$3,$E$3:$AAX$3,0)) -> 0 | C73: ='내신(남)'!C70 -> 0 | D73: 70 | E73: ='내신(남)'!E70 -> 0
A74: 호서대 사회체육 | B74: =INDEX($E$3:$AAX$108,D74+1,MATCH($B$3,$E$3:$AAX$3,0)) -> 190 | C74: ='내신(남)'!C71 -> 200 | D74: 71 | E74: 190

Sheet 개인실기(남)
A3: 종목 | B3: 황규훈 | C3: 노동기
A4: 제자리멀리뛰기 | B4: 300 | C4: 255 | D4: 255 | E4: 260 | F4: 270 | G4: 295 | H4: 260 | I4: 300 | J4: 295 | L4: 295 | M4: 288 | O4: 285 | P4: 290
A5: 서전트점프(MD) | B5: 85
A6: 서전트점프(터치) | B6: 85
A7: 윗몸일으키키(30초) | B7: 40
A8: 윗몸일으키키(1분) | B8: 77 | C8: 66 | D8: 61 | E8: 50 | G8: 72 | H8: 55
A9: 윗몸일으키키(1분경사) | B9: 80
A10: 배근력 | B10: 245 | C10: 201 | G10: 245 | H10: 222 | I10: 2010 | J10: 195 | O10: 261 | P10: 225
A11: 매디슨볼던지기 | B11: 12.8 | G11: 12.2 | L11: 11 | M11: 11 | O11: 12.4 | P11: 11.2
A12: 매디슨볼던지기(인천대) | B12: 21
A13: 핸드볼던기지 | B13: 40 | G13: 34
A14: 농구공던지기 | B14: 23 | C14: 19 | D14: 18 | H14: 17
A15: 높이뛰기 | B15: 175 | C15: 150 | F15: 162 | I15: 162
A16: 농구(고려대/충북대/한체대) | B16: 21 | F16: 21 | I16: 21
A17: 중량달리기(동국대) | B17: 7.01 | C17: 8.38 | I17: 7.4 | J17: 7.38 | O17: 7.25
A18: 십자런 | B18: 13.45
A19: 지그재그런(수원대) | B19: 11.66 | O19: 12.1
A20: 지그재그런(15*8) | B20: 32.5 | F20: 30.4 | I20: 30.4
A21: 10m왕복달리기(목각) | B21: 8 | C21: 8.7 | E21: 9.1 | H21: 9.2
A22: 10m왕복달리기(부저) | B22: 8 | C22: 8.7 | D22: 8.75 | E22: 9 | G22: 8.11 | H22: 9.2 | O22: 8.35 | P22: 8.31
A23: 20m왕복달리기(목각) | B23: 13.99
A24: 20m왕복달리기(부저) | B24: 13.65 | C24: 15 | O24: 14.3
A25: 20m왕복달리기(콘) | B25: 14.45
A26: 25m왕복달리기(콘) | B26: 16.89
A27: 25m왕복달리기(한양대) | B27: 37 | O27: 42
A28: 50m달리기 | B28: 6.22
A29: 80m달리기 | B29: 9.58
A30: 100m달리기 | B30: 11.04 | L30: 12.1 | M30: 12.1
A31: 10m왕복달리기(한양대) | B31: 8.05
A32: 10m반복달리기(용인대) | B32: 19.5
A33: 턱걸이 | B33: 25 | G33: 10 | I33: 15
A34: 좌전굴 | B34: 34 | C34: 29 | I34: 29 | J34: 28 | O34: 30
A35: 체전굴 | B35: 34 | C35: 27
A36: 사이드스텝 | B36: 64 | E36: 55
A37: 배구(한국체대) | B37: 40
A38: 배구(관동대) | B38: 32
A39: 농구(인천대) | B39: 15
A40: 배구(원광대) | B40: 44 | I40: 38
A41: 악력 | B41: 51
A42: 배구(단국대) | B42: 25
A43: 10m(단국대) | B43: 10.49
A44: 농구골밑슛(건국대글로컬) | B44: 29
A45: 농구골밑슛(순천향대) | B45: 25

Sheet 개인실기(여)
B3: 고춘자 | C3: 여자2 | D3: 여자3
A4: 제자리멀리뛰기 | B4: 250 | C4: 235 | D4: 235 | H4: 250
A5: 서전트점프(MD) | B5: 68 | C5: 40
A6: 서전트점프(터치) | B6: 68
A7: 윗몸일으키키(30초) | B7: 40
A8: 윗몸일으키키(1분) | B8: 72 | C8: 67 | D8: 69
A9: 윗몸일으키키(1분경사) | B9: 75
A10: 배근력 | B10: 165 | C10: 120 | H10: 151
A11: 매디슨볼던지기 | B11: 10.1 | C11: 7 | D11: 8
A12: 매디슨볼던지기(인천대) | B12: 18
A13: 핸드볼던기지 | B13: 28 | D13: 18
A14: 농구공던지기 | B14: 18
A15: 높이뛰기 | B15: 140 | C15: 130 | D15: 130
A16: 농구(고려대/충북대/한체대) | B16: 19
A17: 중량달리기(동국대) | B17: 7.29 | H17: 7.67
A18: 십자런 | B18: 14
A19: 지그재그런(수원대) | B19: 12.4
A20: 지그재그런(15*8) | B20: 31.9
A21: 10m왕복달리기(목각) | B21: 8.99 | C21: 9.11 | D21: 9.78
A22: 10m왕복달리기(부저) | B22: 8.88 | C22: 9 | D22: 9.5
A23: 20m왕복달리기(목각) | B23: 14.9 | C23: 15.65 | D23: 16.35
A24: 20m왕복달리기(부저) | B24: 14.5 | C24: 15.5 | D24: 16.7
A25: 20m왕복달리기(콘) | B25: 16 | C25: 17.4 | D25: 18.02
A26: 25m왕복달리기(콘) | B26: 18.89
A27: 25m왕복달리기(한양대) | B27: 38
A28: 50m달리기 | B28: 6.5
A29: 80m달리기 | B29: 9.99
A30: 100m달리기 | B30: 13.89
A31: 10m왕복달리기(한양대) | B31: 8.55
A32: 10m반복달리기(용인대) | B32: 20
A33: 좌전굴 | B33: 36.8 | C33: 28.5 | D33: 23 | H33: 32
A34: 체전굴 | B34: 35 | C34: 21 | D34: 20
A35: 사이드스텝 | B35: 56 | C35: 43 | D35: 45
A36: 팔굽혀펴기 | B36: 40
A37: 팔굽혀매달리기 | B37: 50
A38: 배구(한국체대) | B38: 36
A39: 배구(관동대) | B39: 28
A40: 농구(인천대) | B40: 25
A41: 배구(원광대) | B41: 44
A42: 악력 | B42: 33
A43: 배구(단국대) | B43: 21
A44: 10m(단국대) | B44: 11.89
A45: 농구골밑슛(건국대글로컬) | B45: 22 | C45: 22 | D45: 22
A46: 농구골밑슛(순천향대) | B46: 19

Sheet 대학별점수
N1: 19년 충원합격 | O1: 20년 충원합격 | P1: 21년 충원합격 | Q1: 22년 충원합격 | R1: 23년 충원합격 | S1: 24년 충원합격 | T1: 25년 충원합격 | U1: 25년 경쟁률 | V1: 24년 경쟁률
A2: 지역 | B2: 대학 | C2: 합격자 평균점수 | D2: 실기최상위권시 지원점수 | E2: 안정컷 | F2: 기대컷 | G2: 26년 모집정원 | H2: 25년 모집정원 | I2: 24년 모집정원 | J2: 23년 모집정원 | K2: 22년 모집정원 | L2: 21년 모집정원 | M2: 20년 모집정원
A3: 경기 | B3: 가천대 체육 | C3: 294 | D3: 273 | E3: 984 | F3: 973 | G3: 40 | H3: 40 | I3: 30 | J3: 20 | K3: 20 | L3: 12 | M3: 12 | N3: 3 | O3: 4 | P3: 14 | Q3: 3 | R3: 3 | S3: 37 | T3: 20 | U3: 49.18 | V3: 66.7
A4: 강원 | B4: 가톨릭관동대 체육교육 | C4: 661 | D4: 621 | E4: =C4+284 -> 945 | F4: 921 | G4: 20 | H4: 20 | I4: 20 | J4: 20 | K4: 20 | L4: 20 | M4: 28 | N4: 35 | O4: 30 | P4: 26 | Q4: 34 | R4: 32 | S4: 27 | T4: 20 | U4: 8.05 | V4: 6.45
A5: 강원 | B5: 가톨릭관동대 스포츠레저 | C5: 485 | D5: 414 | E5: =C5+350 -> 835 | F5: 814 | G5: 41 | H5: 40 | I5: 40 | J5: 96 | K5: 40 | L5: 35 | M5: 35 | N5: 38 | O5: 30 | P5: 46 | Q5: 64 | R5: _ | S5: 7 | T5: 59 | U5: 2.68 | V5: 1.3
A6: 강원 | B6: 가톨릭관동대 스포츠재활의학 | C6: 500 | D6: 455 | E6: =C6+378 -> 878 | F6: 855 | G6: 40 | H6: 40 | I6: 31 | K6: 31 | L6: 27 | M6: 27 | N6: 43 | O6: 38 | P6: 39 | Q6: 57 | R6: _ | S6: 49 | T6: 46 | U6: 5.28 | V6: 3.6
A7: 경기 | B7: 강남대 체육 | C7: 291 | D7: 271 | E7: 979 | F7: 971 | G7: 29 | H7: 29 | I7: 29 | J7: 29 | K7: 22 | L7: 22 | M7: 16 | N7: 26 | O7: 16 | P7: 19 | Q7: 19 | R7: 38 | S7: 38 | T7: 36 | U7: 23.62 | V7: 16.79
A8: 충북 | B8: 건국대(글) 스포츠건강 | C8: 165 | D8: 121 | E8: =C8+786 -> 951 | F8: 921 | G8: 20 | H8: 20 | I8: 22 | J8: 18 | K8: 18 | L8: 14 | M8: 12 | N8: _ | O8: 3 | P8: 14 | Q8: 8 | R8: 9 | S8: 15 | T8: 15 | U8: 28.35 | V8: 17.09
A9: 경기 | B9: 경기대 스포츠과학 | C9: 29.49 | D9: 29.17 | E9: 99.3 | F9: 99.17 | G9: 19 | H9: 10 | I9: 10 | J9: 10 | K9: 23신설 | Q9: 23신설 | R9: 15 | S9: 4 | T9: 13 | U9: 62.00 | V9: 20.1
A10: 경기 | B10: 경기대 체육 | G10: 미선발 | I10: 5 | J10: 5 | K10: 23신설 | Q10: 23신설 | R10: 3 | S10: 3 | T10: 미선발 | V10: 9.0
A11: 충북 | B11: 극동대 스포츠재활 | C11: 160 | D11: 116 | E11: =C11+760 -> 920 | F11: =D11+773.33 -> 889.33 | G11: 29 | H11: 16 | I11: 26 | J11: 30 | K11: 19 | L11: 15 | M11: 30 | N11: 25 | O11: 53 | P11: 44 | Q11: 12 | R11: _ | S11: 미달 | T11: 1 | U11: 2.44 | V11: 0.92
A12: 충남 | B12: 나사렛대 재활스포츠 | C12: 85 | D12: 72 | E12: =C12+880 -> 965 | F12: 923 | G12: 55 | H12: 30 | I12: 30 | J12: 30 | K12: 30 | L12: 35 | M12: 10 | N12: _ | O12: 27 | P12: 36 | Q12: 17 | R12: 26 | S12: 48 | T12: 39 | U12: 13.20 | V12: 12.67
A13: 충남 | B13: 남서울대 스포츠건강관리 | C13: 210 | D13: 154 | E13: 851 | F13: 805 | G13: 42 | H13: 41 | I13: 36 | J13: 38 | K13: 27 | L13: 33 | M13: _ | N13: _ | O13: _ | P13: 26 | Q13: 48 | R13: 100 | S13: 86 | T13: 52 | U13: 7.76 | V13: 6.22
A14: 충남 | B14: 남서울대 스포츠비즈니스 | C14: 210 | D14: 136 | E14: 840 | F14: 784 | G14: 42 | H14: 40 | I14: 35 | J14: 38 | K14: 27 | L14: 34 | M14: _ | N14: _ | O14: _ | P14: 22 | Q14: 43 | R14: 74 | S14: 50 | T14: 37 | U14: 4.93 | V14: 4.74
A15: 경기 | B15: 단국대 체육교육 | C15: 686 | D15: 668 | E15: =C15+296 -> 982 | F15: 968 | G15: 10 | H15: 10 | T15: 2 | U15: 42.50
A16: 충남 | B16: 단국대 생활체육 | C16: 190 | D16: 180 | E16: =C16+800 -> 990 | F16: =D16+800 -> 980 | G16: 14 | H16: 14 | I16: 15 | J16: 15 | K16: 23신설 | Q16: 23신설 | R16: 3 | S16: 8 | T16: 12 | U16: 42.36 | V16: 34.6
A17: 충남 | B17: 단국대 운동처방재활 | C17: 194.8 | D17: 192.2 | G17: 미선발 | H17: 5 | I17: 5 | J17: 6 | K17: 23신설 | Q17: 23신설 | R17: 1 | S17: 4 | T17: 5 | U17: 36.20 | V17: 27.4
A18: 대전 | B18: 대전대 스포츠건강재활 | C18: 352 | D18: 330 | E18: =C18+590 -> 942 | F18: 930 | G18: 27 | H18: 25 | I18: 25 | J18: 25 | K18: 23 | L18: 15 | M18: 11 | N18: 17 | O18: 23 | P18: 31 | Q18: 42 | R18: 54 | S18: 37 | T18: 28 | U18: 8.88 | V18: 7.96
A19: 대전 | B19: 대전대 스포츠운동과학 | C19: 348 | D19: 320 | E19: =C19+590 -> 938 | F19: =D19+600 -> 920 | G19: 32 | H19: 32 | I19: 23 | J19: 20 | K19: 20 | L19: 15 | M19: 15 | N19: 21 | O19: 20 | P19: 17 | Q19: 37 | R19: 30 | S19: 35 | T19: 22 | U19: 3.81 | V19: 4.52
A20: 경기 | B20: 대진대 스포츠겅강과학 | C20: 184 | D20: 179.3 | E20: =C20+800 -> 984 | F20: =D20+800 -> 979.3 | G20: 25 | H20: 25 | I20: 25 | J20: 22 | K20: 20 | L20: 17 | M20: 13 | N20: 14 | O20: 15 | P20: 10 | Q20: 21 | R20: 33 | S20: 32 | T20: 22 | U20: 10.48 | V20: 6.88
A21: 서울 | B21: 동국대 체육교육 | C21: 298.4 | D21: 294.3 | E21: 996.5 | F21: 994.3 | G21: 22 | H21: 23 | I21: 23 | J21: 23 | K21: 23 | L21: 28 | M21: 28 | N21: _ | O21: _ | P21: _ | Q21: _ | R21: 0 | S21: 0 | T21: 0 | U21: 30.17 | V21: 27.22
A22: 서울 | B22: 동덕여대 체육 | C22: 396.8 | D22: 392.8 | G22: 일반학생미선발 | K22: 5 | L22: 6 | M22: _ | N22: _ | O22: _ | P22: 1 | Q22: _ | R22: _
A23: 대전 | B23: 목원대 스포츠건강관리 | C23: 86 | D23: 50 | E23: 918 | F23: 888 | G23: 30 | H23: 33 | I23: 33 | J23: 54 | K23: 53 | L23: 42 | M23: 37 | N23: _ | O23: _ | P23: 72 | Q23: 129 | R23: 149 | S23: 126 | T23: 76 | U23: 6.90 | V23: 5.73
A24: 충남 | B24: 백석대 특수체육교육 | C24: 552 | D24: 516 | E24: =C24+378.67 -> 930.67 | F24: =D24+400 -> 916 | G24: 27 | H24: 27 | I24: 27 | J24: 26 | K24: 22 | L24: 22 | M24: 20 | N24: 25 | O24: 26 | P24: 20 | Q24: 16 | R24: 32 | S24: 28 | T24: 16 | U24: 6.15 | V24: 5.15
A25: 충남 | B25: 백석대 스포츠과학 | C25: 349 | D25: 323 | E25: =C25+592 -> 941 | F25: =D25+600 -> 923 | G25: 73 | H25: 73 | I25: 75 | J25: 46 | K25: 41 | L25: 50 | M25: 50 | N25: 33 | O25: 22 | P25: 67 | Q25: 19 | R25: 30 | S25: 42 | T25: 36 | U25: 10.96 | V25: 9.29
A26: 서울 | B26: 삼육대 체육 | C26: 392 | D26: 386 | E26: =C26+598 -> 990 | F26: =D26+600 -> 986 | G26: 12 | H26: 10 | I26: 11 | J26: 9 | K26: 9 | L26: 8 | M26: 6 | N26: 4 | O26: 12 | P26: 10 | Q26: 14 | R26: 3 | S26: 4 | T26: 4 | U26: 13.70 | V26: 29.91
A27: 서울 | B27: 상명대 스포츠건강 | C27: 282 | D27: 235 | E27: =C27+679 -> 961 | F27: =D27+700 -> 935 | G27: 12 | H27: 12 | T27: 12 | U27: 65.92
A28: 충남 | B28: 상명대(천안) 스포츠융합 | C28: 357 | D28: 288 | E28: 910 | F28: 888 | G28: 38 | H28: 38 | I28: 38 | J28: 43 | K28: 42 | L28: 40 | M28: 34 | N28: _ | O28: 36 | P28: 29 | Q28: 33 | R28: 27 | S28: 37 | T28: 23 | U28: 7.68 | V28: 7.9
